"time","surv","nrisk","nevent","arm"
0.0191649555099247,0.999997370054387,380236,1,"not linked"
0.0438056125941136,0.999994740108775,380235,1,"not linked"
0.0520191649555099,0.999992110163162,380234,1,"not linked"
0.0629705681040383,0.999989480217549,380233,1,"not linked"
0.0766598220396988,0.999986850271936,380232,1,"not linked"
0.0876112251882272,0.999984220326324,380231,1,"not linked"
0.0930869267624914,0.999981590380711,380230,1,"not linked"
0.0985626283367557,0.999978960435098,380229,1,"not linked"
0.109514031485284,0.999976330489485,380228,1,"not linked"
0.114989733059548,0.99997107059826,380227,2,"not linked"
0.123203285420945,0.999968440652647,380225,1,"not linked"
0.125941136208077,0.999965810707034,380224,1,"not linked"
0.136892539356605,0.999963180761422,380223,1,"not linked"
0.15605749486653,0.999960550815809,380222,1,"not linked"
0.16974674880219,0.999957920870196,380221,1,"not linked"
0.172484599589322,0.999955290924584,380220,1,"not linked"
0.186173853524983,0.999952660978971,380219,1,"not linked"
0.199863107460643,0.999950031033358,380218,1,"not linked"
0.210814510609172,0.999947401087745,380217,1,"not linked"
0.213552361396304,0.999944771142133,380216,1,"not linked"
0.216290212183436,0.999939511250907,380215,2,"not linked"
0.224503764544832,0.999936881305294,380213,1,"not linked"
0.227241615331964,0.999934251359682,380212,1,"not linked"
0.229979466119097,0.999928991468456,380211,2,"not linked"
0.238193018480493,0.999923731577231,380209,2,"not linked"
0.240930869267625,0.999921101631618,380207,1,"not linked"
0.243668720054757,0.999915841740393,380206,2,"not linked"
0.246406570841889,0.99991321179478,380204,1,"not linked"
0.249144421629021,0.999910581849167,380203,1,"not linked"
0.251882272416153,0.999907951903554,380202,1,"not linked"
0.257357973990418,0.999905321957942,380201,1,"not linked"
0.262833675564682,0.999900062066716,380200,2,"not linked"
0.265571526351814,0.999894802175491,380198,2,"not linked"
0.27378507871321,0.999889542284265,380196,2,"not linked"
0.287474332648871,0.999886912338653,380194,1,"not linked"
0.290212183436003,0.99988428239304,380193,1,"not linked"
0.301163586584531,0.999879022501814,380192,2,"not linked"
0.303901437371663,0.999873762610589,380190,2,"not linked"
0.323066392881588,0.999871132664976,380188,1,"not linked"
0.328542094455852,0.999868502719364,380187,1,"not linked"
0.339493497604381,0.999865872773751,380186,1,"not linked"
0.342231348391513,0.999863242828138,380185,1,"not linked"
0.344969199178645,0.999860612882525,380184,1,"not linked"
0.347707049965777,0.999857982936913,380183,1,"not linked"
0.350444900752909,0.9998553529913,380182,1,"not linked"
0.355920602327173,0.999852723045687,380181,1,"not linked"
0.358658453114305,0.999850093100075,380180,1,"not linked"
0.361396303901437,0.999847463154462,380179,1,"not linked"
0.366872005475702,0.999842203263236,380178,2,"not linked"
0.369609856262834,0.999839573317624,380176,1,"not linked"
0.37782340862423,0.999836943372011,380175,1,"not linked"
0.380561259411362,0.999829053535173,380174,3,"not linked"
0.383299110198494,0.999823793643947,380171,2,"not linked"
0.386036960985626,0.999821163698335,380169,1,"not linked"
0.388774811772758,0.999818533752722,380168,1,"not linked"
0.39151266255989,0.999813273861497,380167,2,"not linked"
0.394250513347023,0.999810643915884,380165,1,"not linked"
0.396988364134155,0.999808013970271,380164,1,"not linked"
0.405201916495551,0.999805384024658,380163,1,"not linked"
0.416153319644079,0.999802754079046,380162,1,"not linked"
0.418891170431211,0.999792234296595,380161,4,"not linked"
0.424366872005476,0.999786974405369,380157,2,"not linked"
0.4435318275154,0.999781714514144,380155,2,"not linked"
0.449007529089665,0.999779084568531,380153,1,"not linked"
0.451745379876797,0.999776454622919,380152,1,"not linked"
0.457221081451061,0.999771194731693,380151,2,"not linked"
0.459958932238193,0.99976856478608,380149,1,"not linked"
0.462696783025325,0.999765934840468,380148,1,"not linked"
0.465434633812457,0.999763304894855,380147,1,"not linked"
0.468172484599589,0.999758045003629,380146,2,"not linked"
0.48186173853525,0.999750155166791,380144,3,"not linked"
0.487337440109514,0.999747525221179,380141,1,"not linked"
0.490075290896646,0.999744895275566,380140,1,"not linked"
0.49555099247091,0.99973963538434,380139,2,"not linked"
0.501026694045175,0.999737005438728,380137,1,"not linked"
0.514715947980835,0.999734375493115,380136,1,"not linked"
0.520191649555099,0.999729115601889,380135,2,"not linked"
0.536618754277892,0.999718595819439,380133,4,"not linked"
0.550308008213552,0.999715965873826,380129,1,"not linked"
0.553045859000684,0.999713335928213,380128,1,"not linked"
0.555783709787817,0.999708076036988,380127,2,"not linked"
0.561259411362081,0.999705446091375,380125,1,"not linked"
0.569472963723477,0.99970018620015,380124,2,"not linked"
0.572210814510609,0.999692296363311,380122,3,"not linked"
0.580424366872005,0.999689666417699,380119,1,"not linked"
0.588637919233402,0.999687036472086,380118,1,"not linked"
0.59958932238193,0.999684406526473,380117,1,"not linked"
0.610540725530459,0.999679146635248,380116,2,"not linked"
0.613278576317591,0.999676516689635,380114,1,"not linked"
0.621492128678987,0.99967125679841,380113,2,"not linked"
0.626967830253251,0.999665996907184,380111,2,"not linked"
0.629705681040383,0.999660737015959,380109,2,"not linked"
0.632443531827515,0.999658107070346,380107,1,"not linked"
0.63791923340178,0.999655477124733,380106,1,"not linked"
0.643394934976044,0.99965284717912,380105,1,"not linked"
0.646132785763176,0.999650217233508,380104,1,"not linked"
0.648870636550308,0.999647587287895,380103,1,"not linked"
0.65160848733744,0.999642327396669,380102,2,"not linked"
0.654346338124572,0.999639697451057,380100,1,"not linked"
0.659822039698836,0.999634437559831,380099,2,"not linked"
0.662559890485969,0.999629177668606,380097,2,"not linked"
0.665297741273101,0.999626547722993,380095,1,"not linked"
0.668035592060233,0.999618657886155,380094,3,"not linked"
0.670773442847365,0.999616027940542,380091,1,"not linked"
0.673511293634497,0.99961339799493,380090,1,"not linked"
0.676249144421629,0.999608138103704,380089,2,"not linked"
0.687200547570157,0.999605508158091,380087,1,"not linked"
0.695414099931554,0.999602878212479,380086,1,"not linked"
0.698151950718686,0.999600248266866,380085,1,"not linked"
0.70362765229295,0.999597618321253,380084,1,"not linked"
0.706365503080082,0.999594988375641,380083,1,"not linked"
0.709103353867214,0.999587098538802,380082,3,"not linked"
0.711841204654346,0.999581838647577,380079,2,"not linked"
0.728268309377139,0.999579208701964,380077,1,"not linked"
0.733744010951403,0.999576578756352,380076,1,"not linked"
0.744695414099932,0.999568688919513,380075,3,"not linked"
0.747433264887064,0.999566058973901,380072,1,"not linked"
0.752908966461328,0.999563429028288,380071,1,"not linked"
0.758384668035592,0.999560799082675,380070,1,"not linked"
0.761122518822724,0.99955553919145,380069,2,"not linked"
0.763860369609856,0.999550279300224,380067,2,"not linked"
0.766598220396988,0.999542389463386,380065,3,"not linked"
0.772073921971253,0.999539759517773,380062,1,"not linked"
0.777549623545517,0.999534499626548,380061,2,"not linked"
0.780287474332649,0.999529239735322,380059,2,"not linked"
0.783025325119781,0.99952660978971,380057,1,"not linked"
0.788501026694045,0.999523979844097,380056,1,"not linked"
0.793976728268309,0.999521349898484,380055,1,"not linked"
0.802190280629706,0.999518719952871,380054,1,"not linked"
0.804928131416838,0.999510830116033,380053,3,"not linked"
0.80766598220397,0.999505570224808,380050,2,"not linked"
0.815879534565366,0.999502940279195,380048,1,"not linked"
0.818617385352498,0.99949768038797,380047,2,"not linked"
0.82135523613963,0.999492420496744,380045,2,"not linked"
0.824093086926763,0.999489790551132,380043,1,"not linked"
0.832306639288159,0.999487160605519,380042,1,"not linked"
0.837782340862423,0.999481900714293,380041,2,"not linked"
0.843258042436687,0.999471380931843,380039,4,"not linked"
0.845995893223819,0.99946875098623,380035,1,"not linked"
0.851471594798084,0.999466121040617,380034,1,"not linked"
0.854209445585216,0.999463491095004,380033,1,"not linked"
0.85968514715948,0.999458231203779,380032,2,"not linked"
0.867898699520876,0.999452971312553,380030,2,"not linked"
0.870636550308008,0.999450341366941,380028,1,"not linked"
0.87337440109514,0.999447711421328,380027,1,"not linked"
0.876112251882272,0.999445081475715,380026,1,"not linked"
0.878850102669405,0.999442451530102,380025,1,"not linked"
0.889801505817933,0.99943982158449,380024,1,"not linked"
0.892539356605065,0.999437191638877,380023,1,"not linked"
0.903490759753593,0.999434561693264,380022,1,"not linked"
0.914442162902122,0.999431931747652,380021,1,"not linked"
0.917180013689254,0.999429301802039,380020,1,"not linked"
0.92539356605065,0.999426671856426,380019,1,"not linked"
0.930869267624914,0.999418782019588,380018,3,"not linked"
0.933607118412047,0.999416152073975,380015,1,"not linked"
0.936344969199179,0.999413522128362,380014,1,"not linked"
0.941820670773443,0.99941089218275,380013,1,"not linked"
0.950034223134839,0.999408262237137,380012,1,"not linked"
0.955509924709103,0.999405632291524,380011,1,"not linked"
0.958247775496235,0.999403002345912,380010,1,"not linked"
0.960985626283368,0.999395112509073,380009,3,"not linked"
0.969199178644764,0.999392482563461,380006,1,"not linked"
0.97741273100616,0.999389852617848,380005,1,"not linked"
0.980150581793292,0.999387222672235,380004,1,"not linked"
0.991101984941821,0.99938196278101,380003,2,"not linked"
0.993839835728953,0.999374072944172,380001,3,"not linked"
0.999315537303217,0.999368813052946,379998,2,"not linked"
1.00205338809035,0.999363553161721,379996,2,"not linked"
1.01574264202601,0.999360923216108,379994,1,"not linked"
1.01848049281314,0.999358293270495,379993,1,"not linked"
1.02121834360027,0.999355663324882,379992,1,"not linked"
1.0321697467488,0.999350403433657,379991,2,"not linked"
1.03490759753593,0.999345143542432,379989,2,"not linked"
1.0403832991102,0.999342513596819,379987,1,"not linked"
1.04585900068446,0.999339883651206,379986,1,"not linked"
1.04859685147159,0.999334623759981,379985,2,"not linked"
1.05133470225873,0.999329363868755,379983,2,"not linked"
1.06228610540726,0.999326733923142,379981,1,"not linked"
1.06776180698152,0.99932410397753,379980,1,"not linked"
1.07049965776865,0.999321474031917,379979,1,"not linked"
1.07323750855578,0.999310954249466,379978,4,"not linked"
1.09240246406571,0.999305694358241,379974,2,"not linked"
1.09514031485284,0.999303064412628,379972,1,"not linked"
1.09787816563997,0.999300434467015,379971,1,"not linked"
1.1088295687885,0.99929517457579,379970,2,"not linked"
1.12251882272416,0.999292544630177,379968,1,"not linked"
1.12525667351129,0.999289914684564,379967,1,"not linked"
1.12799452429843,0.999287284738951,379966,1,"not linked"
1.13073237508556,0.999284654793339,379965,1,"not linked"
1.13347022587269,0.999279394902113,379964,2,"not linked"
1.13620807665982,0.999276764956501,379962,1,"not linked"
1.14168377823409,0.999274135010888,379961,1,"not linked"
1.14442162902122,0.999271505065275,379960,1,"not linked"
1.14989733059548,0.999268875119662,379959,1,"not linked"
1.15537303216975,0.99926624517405,379958,1,"not linked"
1.16084873374401,0.999260985282824,379957,2,"not linked"
1.16632443531828,0.999255725391599,379955,2,"not linked"
1.17180013689254,0.999253095445986,379953,1,"not linked"
1.17453798767967,0.99924783555476,379952,2,"not linked"
1.19096509240246,0.999245205609148,379950,1,"not linked"
1.20191649555099,0.99923731577231,379949,3,"not linked"
1.21013004791239,0.999234685826697,379946,1,"not linked"
1.21834360027379,0.999232055881084,379945,1,"not linked"
1.22381930184805,0.999226795989859,379944,2,"not linked"
1.22655715263518,0.999224166044246,379942,1,"not linked"
1.24024640657084,0.999221536098633,379941,1,"not linked"
1.24298425735797,0.999218906153021,379940,1,"not linked"
1.24572210814511,0.999216276207408,379939,1,"not linked"
1.24845995893224,0.999213646261795,379938,1,"not linked"
1.25119780971937,0.99920838637057,379937,2,"not linked"
1.2621492128679,0.999205756424957,379935,1,"not linked"
1.28405201916496,0.999203126479344,379934,1,"not linked"
1.28952772073922,0.999200496533731,379933,1,"not linked"
1.29500342231348,0.999197866588119,379932,1,"not linked"
1.29774127310062,0.999192606696893,379931,2,"not linked"
1.30047912388775,0.999187346805668,379929,2,"not linked"
1.30321697467488,0.999184716860055,379927,1,"not linked"
1.30869267624914,0.999182086914443,379926,1,"not linked"
1.31416837782341,0.99917945696883,379925,1,"not linked"
1.31964407939767,0.999176827023217,379924,1,"not linked"
1.3223819301848,0.999171567131992,379923,2,"not linked"
1.32511978097194,0.999166307240766,379921,2,"not linked"
1.32785763175907,0.999163677295153,379919,1,"not linked"
1.3305954825462,0.999161047349541,379918,1,"not linked"
1.34154688569473,0.999153157512703,379917,3,"not linked"
1.34428473648186,0.99915052756709,379914,1,"not linked"
1.34702258726899,0.999147897621477,379913,1,"not linked"
1.35523613963039,0.999145267675864,379912,1,"not linked"
1.36344969199179,0.999142637730252,379911,1,"not linked"
1.37713894592745,0.999137377839026,379910,2,"not linked"
1.37987679671458,0.999132117947801,379908,2,"not linked"
1.38261464750171,0.999124228110962,379906,3,"not linked"
1.38535249828884,0.99912159816535,379903,1,"not linked"
1.38809034907598,0.999118968219737,379902,1,"not linked"
1.39356605065024,0.999116338274124,379901,1,"not linked"
1.39630390143737,0.999113708328512,379900,1,"not linked"
1.3990417522245,0.999108448437286,379899,2,"not linked"
1.40177960301164,0.999105818491673,379897,1,"not linked"
1.40999315537303,0.999103188546061,379896,1,"not linked"
1.41273100616016,0.999100558600448,379895,1,"not linked"
1.4154688569473,0.999097928654835,379894,1,"not linked"
1.41820670773443,0.99909266876361,379893,2,"not linked"
1.42368240930869,0.999090038817997,379891,1,"not linked"
1.42642026009582,0.999087408872384,379890,1,"not linked"
1.43189596167009,0.999084778926772,379889,1,"not linked"
1.43463381245722,0.999082148981159,379888,1,"not linked"
1.43737166324435,0.999079519035546,379887,1,"not linked"
1.44558521560575,0.999076889089933,379886,1,"not linked"
1.45653661875428,0.999074259144321,379885,1,"not linked"
1.45927446954141,0.999066369307482,379884,3,"not linked"
1.46201232032854,0.99906373936187,379881,1,"not linked"
1.46748802190281,0.999061109416257,379880,1,"not linked"
1.47022587268994,0.999058479470644,379879,1,"not linked"
1.4757015742642,0.999055849525032,379878,1,"not linked"
1.48117727583847,0.999053219579419,379877,1,"not linked"
1.48665297741273,0.999050589633806,379876,1,"not linked"
1.48939082819986,0.999042699796968,379875,3,"not linked"
1.49486652977413,0.999037439905743,379872,2,"not linked"
1.49760438056126,0.99903480996013,379870,1,"not linked"
1.50308008213552,0.999032180014517,379869,1,"not linked"
1.51129363449692,0.999026920123292,379868,2,"not linked"
1.51403148528405,0.999024290177679,379866,1,"not linked"
1.51950718685832,0.999021660232066,379865,1,"not linked"
1.52224503764545,0.999019030286454,379864,1,"not linked"
1.52498288843258,0.999016400340841,379863,1,"not linked"
1.53045859000684,0.999013770395228,379862,1,"not linked"
1.53319644079398,0.999011140449615,379861,1,"not linked"
1.53593429158111,0.999008510504003,379860,1,"not linked"
1.54140999315537,0.999003250612777,379859,2,"not linked"
1.54414784394251,0.999000620667164,379857,1,"not linked"
1.54688569472964,0.998995360775939,379856,2,"not linked"
1.54962354551677,0.998992730830326,379854,1,"not linked"
1.55509924709103,0.998987470939101,379853,2,"not linked"
1.56331279945243,0.998984840993488,379851,1,"not linked"
1.56605065023956,0.998982211047875,379850,1,"not linked"
1.56878850102669,0.998979581102263,379849,1,"not linked"
1.57152635181383,0.99897695115665,379848,1,"not linked"
1.57426420260096,0.998971691265425,379847,2,"not linked"
1.57700205338809,0.998969061319812,379845,1,"not linked"
1.58247775496235,0.998966431374199,379844,1,"not linked"
1.58521560574949,0.998958541537361,379843,3,"not linked"
1.58795345653662,0.998955911591748,379840,1,"not linked"
1.59342915811088,0.998950651700523,379839,2,"not linked"
1.60711841204654,0.998945391809297,379837,2,"not linked"
1.60985626283368,0.998942761863685,379835,1,"not linked"
1.62354551676934,0.998940131918072,379834,1,"not linked"
1.63175906913073,0.998934872026846,379833,2,"not linked"
1.63449691991786,0.998934872026846,379508,0,"not linked"
1.637234770705,0.998932232860888,378504,1,"not linked"
1.63997262149213,0.998932232860888,378474,0,"not linked"
1.64271047227926,0.998929586928106,377535,1,"not linked"
1.64544832306639,0.998929586928106,377381,0,"not linked"
1.64818617385353,0.998926938905152,377236,1,"not linked"
1.65092402464066,0.99892429043287,377171,1,"not linked"
1.65366187542779,0.99892429043287,377013,0,"not linked"
1.65639972621492,0.99892429043287,376746,0,"not linked"
1.65913757700205,0.99892163874766,376713,1,"not linked"
1.66187542778919,0.99892163874766,376652,0,"not linked"
1.66461327857632,0.998918985012511,376421,1,"not linked"
1.66735112936345,0.99891632913245,376116,1,"not linked"
1.67008898015058,0.998913671146438,375817,1,"not linked"
1.67282683093771,0.998913671146438,375612,0,"not linked"
1.67556468172485,0.998913671146438,375387,0,"not linked"
1.67830253251198,0.998913671146438,375345,0,"not linked"
1.68104038329911,0.998913671146438,375308,0,"not linked"
1.68377823408624,0.998913671146438,375090,0,"not linked"
1.68651608487337,0.998911006196963,374834,1,"not linked"
1.68925393566051,0.998908339718027,374618,1,"not linked"
1.69199178644764,0.998908339718027,374446,0,"not linked"
1.69472963723477,0.998908339718027,374285,0,"not linked"
1.6974674880219,0.998908339718027,374254,0,"not linked"
1.70020533880904,0.998908339718027,374201,0,"not linked"
1.70294318959617,0.998902997619391,373976,2,"not linked"
1.7056810403833,0.998902997619391,373483,0,"not linked"
1.70841889117043,0.998902997619391,373092,0,"not linked"
1.71115674195756,0.998902997619391,372722,0,"not linked"
1.7138945927447,0.998900314740193,372325,1,"not linked"
1.71663244353183,0.998897629957322,372060,1,"not linked"
1.71937029431896,0.99889494407717,371907,1,"not linked"
1.72210814510609,0.998889567893402,371600,2,"not linked"
1.72484599589322,0.998889567893402,371289,0,"not linked"
1.72758384668036,0.998889567893402,370918,0,"not linked"
1.73032169746749,0.998889567893402,370559,0,"not linked"
1.73305954825462,0.998889567893402,370215,0,"not linked"
1.73579739904175,0.998889567893402,370149,0,"not linked"
1.73853524982888,0.998886868075118,369984,1,"not linked"
1.74127310061602,0.998878760819414,369627,3,"not linked"
1.74401095140315,0.998876055546441,369234,1,"not linked"
1.74674880219028,0.998876055546441,368861,0,"not linked"
1.74948665297741,0.998876055546441,368513,0,"not linked"
1.75222450376454,0.998873342352119,368155,1,"not linked"
1.75496235455168,0.998873342352119,368079,0,"not linked"
1.75770020533881,0.998873342352119,367908,0,"not linked"
1.76043805612594,0.998873342352119,367504,0,"not linked"
1.76317590691307,0.998873342352119,367108,0,"not linked"
1.76591375770021,0.998870618347728,366693,1,"not linked"
1.76865160848734,0.998867891696188,366336,1,"not linked"
1.77138945927447,0.998865162377429,365977,1,"not linked"
1.7741273100616,0.998859702412126,365887,2,"not linked"
1.77686516084873,0.998859702412126,365673,0,"not linked"
1.77960301163587,0.998859702412126,365308,0,"not linked"
1.782340862423,0.998854228053412,364923,2,"not linked"
1.78507871321013,0.998854228053412,364545,0,"not linked"
1.78781656399726,0.998854228053412,364237,0,"not linked"
1.79055441478439,0.998854228053412,363895,0,"not linked"
1.79329226557153,0.998854228053412,363787,0,"not linked"
1.79603011635866,0.998845986953877,363612,3,"not linked"
1.79876796714579,0.998843236948407,363216,1,"not linked"
1.80150581793292,0.998840484624169,362909,1,"not linked"
1.80424366872005,0.998837728768808,362443,1,"not linked"
1.80698151950719,0.998837728768808,362049,0,"not linked"
1.80971937029432,0.998837728768808,361670,0,"not linked"
1.81245722108145,0.998837728768808,361532,0,"not linked"
1.81519507186858,0.998837728768808,361292,0,"not linked"
1.81793292265572,0.998837728768808,360901,0,"not linked"
1.82067077344285,0.998834957714169,360454,1,"not linked"
1.82340862422998,0.998834957714169,360010,0,"not linked"
1.82614647501711,0.998834957714169,359661,0,"not linked"
1.82888432580424,0.998834957714169,359345,0,"not linked"
1.83162217659138,0.998829397417806,359274,2,"not linked"
1.83436002737851,0.998818270940874,359082,4,"not linked"
1.83709787816564,0.998818270940874,358766,0,"not linked"
1.83983572895277,0.998809911276514,358442,3,"not linked"
1.8425735797399,0.998809911276514,358067,0,"not linked"
1.84531143052704,0.998809911276514,357732,0,"not linked"
1.84804928131417,0.998809911276514,357480,0,"not linked"
1.8507871321013,0.998809911276514,357400,0,"not linked"
1.85352498288843,0.998801524775462,357292,3,"not linked"
1.85626283367556,0.99879592932708,357005,2,"not linked"
1.8590006844627,0.99879592932708,356654,0,"not linked"
1.86173853524983,0.99879592932708,356245,0,"not linked"
1.86447638603696,0.99879592932708,355956,0,"not linked"
1.86721423682409,0.99879592932708,355735,0,"not linked"
1.86995208761123,0.99879592932708,355684,0,"not linked"
1.87268993839836,0.99879592932708,355491,0,"not linked"
1.87542778918549,0.998793117433269,355204,1,"not linked"
1.87816563997262,0.99879030313877,354900,1,"not linked"
1.88090349075975,0.99879030313877,354632,0,"not linked"
1.88364134154689,0.99879030313877,354247,0,"not linked"
1.88637919233402,0.99879030313877,353850,0,"not linked"
1.88911704312115,0.99879030313877,353733,0,"not linked"
1.89185489390828,0.99879030313877,353512,0,"not linked"
1.89459274469541,0.99879030313877,352815,0,"not linked"
1.89733059548255,0.998787470366146,352584,1,"not linked"
1.90006844626968,0.998787470366146,352394,0,"not linked"
1.90280629705681,0.998787470366146,352199,0,"not linked"
1.90554414784394,0.998787470366146,352018,0,"not linked"
1.90828199863107,0.998787470366146,351986,0,"not linked"
1.91101984941821,0.998784632313168,351927,1,"not linked"
1.91375770020534,0.998781792129604,351662,1,"not linked"
1.91649555099247,0.998781792129604,351335,0,"not linked"
1.9192334017796,0.998773255922205,351016,3,"not linked"
1.92197125256674,0.998770408272531,350736,1,"not linked"
1.92470910335387,0.998770408272531,350473,0,"not linked"
1.927446954141,0.998770408272531,350412,0,"not linked"
1.93018480492813,0.998767556647079,350246,1,"not linked"
1.93292265571526,0.998767556647079,349915,0,"not linked"
1.9356605065024,0.998764699874877,349614,1,"not linked"
1.93839835728953,0.998764699874877,349289,0,"not linked"
1.94113620807666,0.998764699874877,348982,0,"not linked"
1.94387405886379,0.998764699874877,348713,0,"not linked"
1.94661190965092,0.998764699874877,348644,0,"not linked"
1.94934976043806,0.998764699874877,348572,0,"not linked"
1.95208761122519,0.998764699874877,348122,0,"not linked"
1.95482546201232,0.998761828409136,347824,1,"not linked"
1.95756331279945,0.998761828409136,347446,0,"not linked"
1.96030116358658,0.998761828409136,347165,0,"not linked"
1.96303901437372,0.998761828409136,346935,0,"not linked"
1.96577686516085,0.998761828409136,346794,0,"not linked"
1.96851471594798,0.998756065828521,346637,2,"not linked"
1.97125256673511,0.998756065828521,346243,0,"not linked"
1.97399041752225,0.998750289784048,345827,2,"not linked"
1.97672826830938,0.998747398743912,345464,1,"not linked"
1.97946611909651,0.998747398743912,345084,0,"not linked"
1.98220396988364,0.998747398743912,344823,0,"not linked"
1.98494182067077,0.998747398743912,344763,0,"not linked"
1.98767967145791,0.998747398743912,344632,0,"not linked"
1.99041752224504,0.998747398743912,344294,0,"not linked"
1.99315537303217,0.998747398743912,343895,0,"not linked"
1.9958932238193,0.998747398743912,343568,0,"not linked"
1.99863107460643,0.998744488971424,343239,1,"not linked"
2.00136892539357,0.998744488971424,342992,0,"not linked"
2.0041067761807,0.998738664454438,342945,2,"not linked"
2.00684462696783,0.998738664454438,342805,0,"not linked"
2.00958247775496,0.99873574849725,342508,1,"not linked"
2.01232032854209,0.998732830341906,342249,1,"not linked"
2.01505817932923,0.998732830341906,341925,0,"not linked"
2.01779603011636,0.998732830341906,341582,0,"not linked"
2.02053388090349,0.998732830341906,341304,0,"not linked"
2.02327173169062,0.998732830341906,341242,0,"not linked"
2.02600958247776,0.998732830341906,341112,0,"not linked"
2.02874743326489,0.998732830341906,340728,0,"not linked"
2.03148528405202,0.998726961811985,340369,2,"not linked"
2.03422313483915,0.998726961811985,340013,0,"not linked"
2.03696098562628,0.998726961811985,339653,0,"not linked"
2.03969883641342,0.998726961811985,339391,0,"not linked"
2.04243668720055,0.998726961811985,339318,0,"not linked"
2.04517453798768,0.998726961811985,339184,0,"not linked"
2.04791238877481,0.998726961811985,338871,0,"not linked"
2.05065023956194,0.998726961811985,338453,0,"not linked"
2.05338809034908,0.998726961811985,338074,0,"not linked"
2.05612594113621,0.998726961811985,337705,0,"not linked"
2.05886379192334,0.998726961811985,337398,0,"not linked"
2.06160164271047,0.998726961811985,337333,0,"not linked"
2.0643394934976,0.998726961811985,337156,0,"not linked"
2.06707734428474,0.998723996285744,336779,1,"not linked"
2.06981519507187,0.998723996285744,336497,0,"not linked"
2.072553045859,0.998723996285744,336135,0,"not linked"
2.07529089664613,0.998723996285744,335775,0,"not linked"
2.07802874743326,0.998723996285744,335524,0,"not linked"
2.0807665982204,0.998721019028272,335451,1,"not linked"
2.08350444900753,0.998718040705369,335330,1,"not linked"
2.08624229979466,0.998718040705369,335043,0,"not linked"
2.08898015058179,0.998718040705369,334680,0,"not linked"
2.09171800136893,0.99871505353665,334336,1,"not linked"
2.09445585215606,0.99871505353665,333994,0,"not linked"
2.09719370294319,0.998709068279007,333725,2,"not linked"
2.09993155373032,0.998709068279007,333639,0,"not linked"
2.10266940451745,0.99870607350544,333484,1,"not linked"
2.10540725530459,0.998703075882412,333166,1,"not linked"
2.10814510609172,0.99870007507993,332812,1,"not linked"
2.11088295687885,0.99870007507993,332379,0,"not linked"
2.11362080766598,0.998697067137435,332021,1,"not linked"
2.11635865845311,0.998697067137435,331725,0,"not linked"
2.11909650924025,0.998691044649875,331656,2,"not linked"
2.12183436002738,0.998691044649875,331508,0,"not linked"
2.12457221081451,0.998691044649875,331148,0,"not linked"
2.12731006160164,0.998691044649875,330910,0,"not linked"
2.13004791238877,0.998691044649875,330606,0,"not linked"
2.13278576317591,0.998691044649875,330224,0,"not linked"
2.13552361396304,0.998688017607066,329923,1,"not linked"
2.13826146475017,0.998688017607066,329870,0,"not linked"
2.1409993155373,0.998684988884295,329739,1,"not linked"
2.14373716632444,0.998684988884295,329395,0,"not linked"
2.14647501711157,0.998678918496714,329035,2,"not linked"
2.1492128678987,0.998678918496714,328666,0,"not linked"
2.15195071868583,0.998678918496714,328224,0,"not linked"
2.15468856947296,0.998675873270418,327949,1,"not linked"
2.1574264202601,0.998672827635497,327904,1,"not linked"
2.16016427104723,0.998669780606705,327753,1,"not linked"
2.16290212183436,0.998669780606705,327434,0,"not linked"
2.16563997262149,0.998666727448345,327094,1,"not linked"
2.16837782340862,0.998663671898553,326837,1,"not linked"
2.17111567419576,0.998663671898553,326491,0,"not linked"
2.17385352498289,0.998660610410052,326202,1,"not linked"
2.17659137577002,0.998660610410052,326155,0,"not linked"
2.17932922655715,0.998657547297036,326028,1,"not linked"
2.18206707734428,0.998657547297036,325670,0,"not linked"
2.18480492813142,0.998657547297036,325310,0,"not linked"
2.18754277891855,0.998657547297036,324902,0,"not linked"
2.19028062970568,0.998654470518972,324579,1,"not linked"
2.19301848049281,0.998654470518972,324296,0,"not linked"
2.19575633127995,0.998654470518972,324242,0,"not linked"
2.19849418206708,0.998654470518972,324092,0,"not linked"
2.20123203285421,0.998654470518972,323774,0,"not linked"
2.20396988364134,0.998654470518972,323380,0,"not linked"
2.20670773442847,0.998654470518972,323043,0,"not linked"
2.20944558521561,0.998654470518972,322728,0,"not linked"
2.21218343600274,0.998654470518972,322443,0,"not linked"
2.21492128678987,0.998651372859397,322390,1,"not linked"
2.217659137577,0.998651372859397,322167,0,"not linked"
2.22039698836413,0.998651372859397,321655,0,"not linked"
2.22313483915127,0.99864826445889,321275,1,"not linked"
2.2258726899384,0.998645151970065,320852,1,"not linked"
2.22861054072553,0.998642035936441,320486,1,"not linked"
2.23134839151266,0.998642035936441,320196,0,"not linked"
2.23408624229979,0.998638916437627,320129,1,"not linked"
2.23682409308693,0.998635795417923,319972,1,"not linked"
2.23956194387406,0.998632670628602,319585,1,"not linked"
2.24229979466119,0.998632670628602,319154,0,"not linked"
2.24503764544832,0.998632670628602,318822,0,"not linked"
2.24777549623546,0.998632670628602,318415,0,"not linked"
2.25051334702259,0.998629531172689,318091,1,"not linked"
2.25325119780972,0.998629531172689,318039,0,"not linked"
2.25598904859685,0.998629531172689,317864,0,"not linked"
2.25872689938398,0.998629531172689,317495,0,"not linked"
2.26146475017112,0.998629531172689,317064,0,"not linked"
2.26420260095825,0.998629531172689,316677,0,"not linked"
2.26694045174538,0.998623216587598,316293,2,"not linked"
2.26967830253251,0.998620056197522,315981,1,"not linked"
2.27241615331964,0.998620056197522,315941,0,"not linked"
2.27515400410678,0.998613731434118,315781,2,"not linked"
2.27789185489391,0.998610565332651,315408,1,"not linked"
2.28062970568104,0.998610565332651,314996,0,"not linked"
2.28336755646817,0.998610565332651,314641,0,"not linked"
2.2861054072553,0.998610565332651,314291,0,"not linked"
2.28884325804244,0.998607385358173,314031,1,"not linked"
2.29158110882957,0.998607385358173,313991,0,"not linked"
2.2943189596167,0.998604203843746,313878,1,"not linked"
2.29705681040383,0.998604203843746,313634,0,"not linked"
2.29979466119096,0.998604203843746,313318,0,"not linked"
2.3025325119781,0.998604203843746,313021,0,"not linked"
2.30527036276523,0.998604203843746,312651,0,"not linked"
2.30800821355236,0.998604203843746,312338,0,"not linked"
2.31074606433949,0.998604203843746,312272,0,"not linked"
2.31348391512663,0.998597804770321,312109,2,"not linked"
2.31622176591376,0.998594601692958,311762,1,"not linked"
2.31895961670089,0.998594601692958,311418,0,"not linked"
2.32169746748802,0.998591392140094,311132,1,"not linked"
2.32443531827515,0.998591392140094,310882,0,"not linked"
2.32717316906229,0.998591392140094,310639,0,"not linked"
2.32991101984942,0.998588176944923,310585,1,"not linked"
2.33264887063655,0.998588176944923,310446,0,"not linked"
2.33538672142368,0.998584958547769,310275,1,"not linked"
2.33812457221081,0.998584958547769,309813,0,"not linked"
2.34086242299795,0.998584958547769,309443,0,"not linked"
2.34360027378508,0.998584958547769,308940,0,"not linked"
2.34633812457221,0.998584958547769,308741,0,"not linked"
2.34907597535934,0.998581723698731,308696,1,"not linked"
2.35181382614648,0.99856878027735,308599,4,"not linked"
2.35455167693361,0.998565542060986,308370,1,"not linked"
2.35728952772074,0.998562300870078,308086,1,"not linked"
2.36002737850787,0.998562300870078,307705,0,"not linked"
2.362765229295,0.998562300870078,307408,0,"not linked"
2.36550308008214,0.998562300870078,307165,0,"not linked"
2.36824093086927,0.998562300870078,307117,0,"not linked"
2.3709787816564,0.998559048160576,306994,1,"not linked"
2.37371663244353,0.998559048160576,306681,0,"not linked"
2.37645448323066,0.998559048160576,306351,0,"not linked"
2.3791923340178,0.998555785386195,306046,1,"not linked"
2.38193018480493,0.998552519442394,305748,1,"not linked"
2.38466803559206,0.998549250098227,305429,1,"not linked"
2.38740588637919,0.998549250098227,305346,0,"not linked"
2.39014373716632,0.998549250098227,305205,0,"not linked"
2.39288158795346,0.998549250098227,304878,0,"not linked"
2.39561943874059,0.998549250098227,304447,0,"not linked"
2.39835728952772,0.998545965958507,304052,1,"not linked"
2.40109514031485,0.998545965958507,303734,0,"not linked"
2.40383299110198,0.998545965958507,303515,0,"not linked"
2.40657084188912,0.998542675444486,303462,1,"not linked"
2.40930869267625,0.998536091899839,303345,2,"not linked"
2.41204654346338,0.998532797010142,303056,1,"not linked"
2.41478439425051,0.998532797010142,302669,0,"not linked"
2.41752224503765,0.998529494033436,302313,1,"not linked"
2.42026009582478,0.998529494033436,301988,0,"not linked"
2.42299794661191,0.998529494033436,301700,0,"not linked"
2.42573579739904,0.998529494033436,301646,0,"not linked"
2.42847364818617,0.998529494033436,301505,0,"not linked"
2.43121149897331,0.998522863427343,301188,2,"not linked"
2.43394934976044,0.998522863427343,300855,0,"not linked"
2.43668720054757,0.998519540179909,300466,1,"not linked"
2.4394250513347,0.998516213932415,300194,1,"not linked"
2.44216290212183,0.998516213932415,299874,0,"not linked"
2.44490075290897,0.998516213932415,299832,0,"not linked"
2.4476386036961,0.998516213932415,299690,0,"not linked"
2.45037645448323,0.998516213932415,299349,0,"not linked"
2.45311430527036,0.998512873117203,298884,1,"not linked"
2.4558521560575,0.998512873117203,298514,0,"not linked"
2.45859000684463,0.998512873117203,298227,0,"not linked"
2.46132785763176,0.998512873117203,297906,0,"not linked"
2.46406570841889,0.998509520715413,297850,1,"not linked"
2.46680355920602,0.998509520715413,297700,0,"not linked"
2.46954140999316,0.998509520715413,297252,0,"not linked"
2.47227926078029,0.998506157371568,296880,1,"not linked"
2.47501711156742,0.998506157371568,296510,0,"not linked"
2.47775496235455,0.998506157371568,296176,0,"not linked"
2.48049281314168,0.998506157371568,295857,0,"not linked"
2.48323066392882,0.998506157371568,295813,0,"not linked"
2.48596851471595,0.998506157371568,295656,0,"not linked"
2.48870636550308,0.998506157371568,295215,0,"not linked"
2.49144421629021,0.998506157371568,294929,0,"not linked"
2.49418206707734,0.998502767882628,294589,1,"not linked"
2.49691991786448,0.998502767882628,294273,0,"not linked"
2.49965776865161,0.998499371995881,294033,1,"not linked"
2.50239561943874,0.998499371995881,293958,0,"not linked"
2.50513347022587,0.998499371995881,293823,0,"not linked"
2.507871321013,0.998499371995881,293524,0,"not linked"
2.51060917180014,0.998495966159149,293173,1,"not linked"
2.51334702258727,0.998495966159149,292855,0,"not linked"
2.5160848733744,0.998495966159149,292579,0,"not linked"
2.51882272416153,0.998495966159149,292299,0,"not linked"
2.52156057494867,0.998495966159149,292241,0,"not linked"
2.5242984257358,0.998495966159149,292092,0,"not linked"
2.52703627652293,0.998495966159149,291776,0,"not linked"
2.52977412731006,0.998492539552769,291395,1,"not linked"
2.53251197809719,0.998492539552769,291025,0,"not linked"
2.53524982888433,0.998489104872248,290709,1,"not linked"
2.53798767967146,0.998489104872248,290379,0,"not linked"
2.54072553045859,0.998489104872248,290322,0,"not linked"
2.54346338124572,0.998489104872248,290191,0,"not linked"
2.54620123203285,0.998485660583053,289897,1,"not linked"
2.54893908281999,0.998482211010548,289452,1,"not linked"
2.55167693360712,0.998482211010548,289152,0,"not linked"
2.55441478439425,0.998482211010548,288877,0,"not linked"
2.55715263518138,0.998482211010548,288616,0,"not linked"
2.55989048596851,0.998482211010548,288545,0,"not linked"
2.56262833675565,0.998482211010548,288414,0,"not linked"
2.56536618754278,0.998482211010548,288086,0,"not linked"
2.56810403832991,0.998482211010548,287751,0,"not linked"
2.57084188911704,0.998478737400675,287448,1,"not linked"
2.57357973990418,0.998478737400675,287174,0,"not linked"
2.57631759069131,0.998478737400675,286892,0,"not linked"
2.57905544147844,0.998471775600836,286845,2,"not linked"
2.58179329226557,0.998471775600836,286703,0,"not linked"
2.5845311430527,0.998471775600836,286323,0,"not linked"
2.58726899383984,0.998468284318708,285990,1,"not linked"
2.59000684462697,0.998468284318708,285688,0,"not linked"
2.5927446954141,0.998468284318708,285415,0,"not linked"
2.59548254620123,0.998464784224817,285269,1,"not linked"
2.59822039698836,0.998461283689168,285232,1,"not linked"
2.6009582477755,0.998454279965977,285123,2,"not linked"
2.60369609856263,0.998433247182403,284828,6,"not linked"
2.60643394934976,0.998433247182403,284442,0,"not linked"
2.60917180013689,0.998433247182403,284095,0,"not linked"
2.61190965092402,0.998429729553457,283837,1,"not linked"
2.61464750171116,0.998429729553457,283554,0,"not linked"
2.61738535249829,0.998429729553457,283511,0,"not linked"
2.62012320328542,0.998429729553457,283387,0,"not linked"
2.62286105407255,0.998429729553457,283003,0,"not linked"
2.62559890485969,0.998429729553457,282711,0,"not linked"
2.62833675564682,0.998429729553457,282356,0,"not linked"
2.63107460643395,0.998429729553457,281638,0,"not linked"
2.63381245722108,0.998429729553457,281262,0,"not linked"
2.63655030800821,0.998429729553457,281232,0,"not linked"
2.63928815879535,0.998429729553457,281168,0,"not linked"
2.64202600958248,0.998426176625049,281016,1,"not linked"
2.64476386036961,0.998422621951022,280877,1,"not linked"
2.64750171115674,0.998422621951022,280621,0,"not linked"
2.65023956194387,0.998419063260614,280559,1,"not linked"
2.65297741273101,0.998419063260614,280507,0,"not linked"
2.65571526351814,0.998419063260614,280482,0,"not linked"
2.65845311430527,0.998419063260614,280421,0,"not linked"
2.6611909650924,0.998419063260614,280188,0,"not linked"
2.66392881587953,0.99841549503146,279808,1,"not linked"
2.66666666666667,0.99841549503146,279417,0,"not linked"
2.6694045174538,0.99841549503146,279138,0,"not linked"
2.67214236824093,0.99841549503146,278842,0,"not linked"
2.67488021902806,0.998411913772892,278789,1,"not linked"
2.6776180698152,0.998411913772892,278664,0,"not linked"
2.68035592060233,0.998408326621259,278330,1,"not linked"
2.68309377138946,0.998408326621259,277911,0,"not linked"
2.68583162217659,0.998401132752089,277572,2,"not linked"
2.68856947296372,0.998401132752089,277287,0,"not linked"
2.69130732375086,0.998401132752089,276980,0,"not linked"
2.69404517453799,0.998401132752089,276930,0,"not linked"
2.69678302532512,0.998401132752089,276772,0,"not linked"
2.69952087611225,0.998397521336452,276457,1,"not linked"
2.70225872689938,0.998393905080933,276086,1,"not linked"
2.70499657768652,0.998393905080933,275790,0,"not linked"
2.70773442847365,0.998393905080933,275561,0,"not linked"
2.71047227926078,0.998393905080933,275354,0,"not linked"
2.71321013004791,0.998390278461203,275296,1,"not linked"
2.71594798083504,0.998390278461203,275157,0,"not linked"
2.71868583162218,0.998386645255922,274796,1,"not linked"
2.72142368240931,0.998383005467643,274298,1,"not linked"
2.72416153319644,0.998383005467643,273930,0,"not linked"
2.72689938398357,0.998379356313588,273593,1,"not linked"
2.7296372347707,0.998379356313588,273182,0,"not linked"
2.73237508555784,0.998379356313588,273137,0,"not linked"
2.73511293634497,0.998375699366907,273009,1,"not linked"
2.7378507871321,0.998375699366907,272756,0,"not linked"
2.74058863791923,0.998372035091892,272462,1,"not linked"
2.74332648870637,0.998372035091892,272071,0,"not linked"
2.7460643394935,0.998372035091892,271821,0,"not linked"
2.74880219028063,0.998372035091892,271534,0,"not linked"
2.75154004106776,0.998372035091892,271492,0,"not linked"
2.75427789185489,0.998372035091892,271355,0,"not linked"
2.75701574264203,0.998372035091892,271067,0,"not linked"
2.75975359342916,0.998372035091892,270663,0,"not linked"
2.76249144421629,0.998372035091892,270335,0,"not linked"
2.76522929500342,0.998372035091892,270055,0,"not linked"
2.76796714579055,0.998372035091892,269751,0,"not linked"
2.77070499657769,0.998372035091892,269709,0,"not linked"
2.77344284736482,0.998372035091892,269576,0,"not linked"
2.77618069815195,0.998368327668537,269290,1,"not linked"
2.77891854893908,0.998357188770104,268887,3,"not linked"
2.78165639972621,0.998357188770104,268574,0,"not linked"
2.78439425051335,0.998357188770104,268284,0,"not linked"
2.78713210130048,0.998357188770104,268028,0,"not linked"
2.78986995208761,0.998357188770104,267975,0,"not linked"
2.79260780287474,0.998357188770104,267837,0,"not linked"
2.79534565366188,0.998357188770104,267541,0,"not linked"
2.79808350444901,0.998357188770104,267176,0,"not linked"
2.80082135523614,0.998357188770104,266779,0,"not linked"
2.80355920602327,0.998357188770104,266406,0,"not linked"
2.8062970568104,0.998357188770104,266105,0,"not linked"
2.80903490759754,0.998353436154216,266043,1,"not linked"
2.81177275838467,0.998353436154216,265871,0,"not linked"
2.8145106091718,0.998353436154216,265636,0,"not linked"
2.81724845995893,0.998353436154216,265283,0,"not linked"
2.81998631074606,0.998353436154216,264927,0,"not linked"
2.8227241615332,0.998353436154216,264659,0,"not linked"
2.82546201232033,0.998353436154216,264397,0,"not linked"
2.82819986310746,0.998353436154216,264371,0,"not linked"
2.83093771389459,0.998349658004339,264244,1,"not linked"
2.83367556468172,0.998349658004339,263925,0,"not linked"
2.83641341546886,0.998349658004339,263551,0,"not linked"
2.83915126625599,0.998349658004339,263194,0,"not linked"
2.84188911704312,0.998349658004339,262907,0,"not linked"
2.84462696783025,0.998345857171121,262666,1,"not linked"
2.84736481861739,0.998345857171121,262619,0,"not linked"
2.85010266940452,0.998334446460917,262476,3,"not linked"
2.85284052019165,0.998330637899306,262129,1,"not linked"
2.85557837097878,0.998326824464119,261793,1,"not linked"
2.85831622176591,0.998326824464119,261475,0,"not linked"
2.86105407255305,0.998326824464119,261194,0,"not linked"
2.86379192334018,0.998326824464119,260951,0,"not linked"
2.86652977412731,0.998326824464119,260912,0,"not linked"
2.86926762491444,0.998322996538519,260801,1,"not linked"
2.87200547570157,0.998315333723794,260563,2,"not linked"
2.87474332648871,0.998315333723794,260181,0,"not linked"
2.87748117727584,0.998315333723794,259872,0,"not linked"
2.88021902806297,0.998315333723794,259624,0,"not linked"
2.8829568788501,0.998315333723794,259450,0,"not linked"
2.88569472963723,0.998311484040257,259324,1,"not linked"
2.88843258042437,0.998307631757067,259148,1,"not linked"
2.8911704312115,0.998307631757067,258887,0,"not linked"
2.89390828199863,0.998307631757067,258485,0,"not linked"
2.89664613278576,0.998307631757067,258122,0,"not linked"
2.8993839835729,0.998307631757067,257827,0,"not linked"
2.90212183436003,0.998307631757067,257576,0,"not linked"
2.90485968514716,0.998307631757067,257541,0,"not linked"
2.90759753593429,0.998307631757067,257379,0,"not linked"
2.91033538672142,0.998307631757067,257068,0,"not linked"
2.91307323750856,0.998307631757067,256697,0,"not linked"
2.91581108829569,0.998307631757067,256294,0,"not linked"
2.91854893908282,0.998307631757067,255993,0,"not linked"
2.92128678986995,0.998307631757067,255790,0,"not linked"
2.92402464065708,0.998307631757067,255763,0,"not linked"
2.92676249144422,0.998307631757067,255635,0,"not linked"
2.92950034223135,0.998307631757067,255330,0,"not linked"
2.93223819301848,0.998307631757067,254994,0,"not linked"
2.93497604380561,0.998307631757067,254678,0,"not linked"
2.93771389459274,0.998307631757067,254379,0,"not linked"
2.94045174537988,0.998307631757067,254131,0,"not linked"
2.94318959616701,0.998307631757067,254091,0,"not linked"
2.94592744695414,0.998307631757067,253935,0,"not linked"
2.94866529774127,0.998307631757067,253524,0,"not linked"
2.95140314852841,0.998307631757067,253226,0,"not linked"
2.95414099931554,0.99830368553395,252978,1,"not linked"
2.95687885010267,0.998299735563484,252737,1,"not linked"
2.9596167008898,0.998299735563484,252525,0,"not linked"
2.96235455167693,0.998299735563484,252502,0,"not linked"
2.96509240246407,0.998299735563484,252335,0,"not linked"
2.9678302532512,0.998299735563484,251944,0,"not linked"
2.97056810403833,0.998295767096031,251558,1,"not linked"
2.97330595482546,0.998295767096031,251235,0,"not linked"
2.97604380561259,0.998295767096031,250949,0,"not linked"
2.97878165639973,0.998295767096031,250719,0,"not linked"
2.98151950718686,0.998291784681412,250676,1,"not linked"
2.98425735797399,0.998291784681412,250531,0,"not linked"
2.98699520876112,0.998291784681412,250241,0,"not linked"
2.98973305954825,0.998291784681412,249866,0,"not linked"
2.99247091033539,0.998291784681412,249563,0,"not linked"
2.99520876112252,0.998291784681412,249308,0,"not linked"
2.99794661190965,0.998291784681412,249081,0,"not linked"
3.00068446269678,0.998291784681412,249050,0,"not linked"
3.00342231348392,0.998291784681412,248913,0,"not linked"
3.00616016427105,0.998291784681412,248624,0,"not linked"
3.00889801505818,0.998291784681412,248282,0,"not linked"
3.01163586584531,0.998287758954191,247978,1,"not linked"
3.01437371663244,0.998287758954191,247762,0,"not linked"
3.01711156741958,0.998287758954191,247542,0,"not linked"
3.01984941820671,0.998287758954191,247505,0,"not linked"
3.02258726899384,0.998287758954191,247376,0,"not linked"
3.02532511978097,0.998287758954191,247122,0,"not linked"
3.0280629705681,0.998287758954191,246763,0,"not linked"
3.03080082135524,0.998287758954191,246464,0,"not linked"
3.03353867214237,0.998287758954191,246230,0,"not linked"
3.0362765229295,0.998287758954191,245991,0,"not linked"
3.03901437371663,0.998279641242605,245953,2,"not linked"
3.04175222450376,0.998279641242605,245829,0,"not linked"
3.0444900752909,0.998279641242605,245552,0,"not linked"
3.04722792607803,0.998275570635972,245241,1,"not linked"
3.04996577686516,0.998275570635972,244939,0,"not linked"
3.05270362765229,0.998275570635972,244594,0,"not linked"
3.05544147843943,0.998271484232935,244292,1,"not linked"
3.05817932922656,0.998271484232935,244237,0,"not linked"
3.06091718001369,0.998271484232935,244083,0,"not linked"
3.06365503080082,0.998271484232935,243761,0,"not linked"
3.06639288158795,0.998271484232935,243371,0,"not linked"
3.06913073237509,0.998271484232935,243004,0,"not linked"
3.07186858316222,0.998271484232935,242730,0,"not linked"
3.07460643394935,0.998271484232935,242521,0,"not linked"
3.07734428473648,0.998271484232935,242455,0,"not linked"
3.08008213552361,0.998271484232935,242326,0,"not linked"
3.08281998631075,0.998271484232935,242040,0,"not linked"
3.08555783709788,0.998271484232935,241698,0,"not linked"
3.08829568788501,0.998267348565736,241381,1,"not linked"
3.09103353867214,0.998267348565736,241130,0,"not linked"
3.09377138945927,0.99826320427963,240878,1,"not linked"
3.09650924024641,0.99826320427963,240826,0,"not linked"
3.09924709103354,0.998259056980462,240702,1,"not linked"
3.10198494182067,0.998254904643998,240409,1,"not linked"
3.1047227926078,0.998254904643998,240058,0,"not linked"
3.10746064339493,0.998254904643998,239747,0,"not linked"
3.11019849418207,0.998254904643998,239496,0,"not linked"
3.1129363449692,0.998254904643998,239230,0,"not linked"
3.11567419575633,0.998254904643998,239193,0,"not linked"
3.11841204654346,0.998254904643998,239083,0,"not linked"
3.1211498973306,0.998254904643998,238788,0,"not linked"
3.12388774811773,0.998246535007585,238542,2,"not linked"
3.12662559890486,0.998246535007585,238254,0,"not linked"
3.12936344969199,0.998246535007585,237988,0,"not linked"
3.13210130047912,0.998246535007585,237765,0,"not linked"
3.13483915126626,0.998246535007585,237744,0,"not linked"
3.13757700205339,0.998242332802035,237553,1,"not linked"
3.14031485284052,0.99823812471531,237220,1,"not linked"
3.14305270362765,0.99823812471531,236868,0,"not linked"
3.14579055441478,0.998233904263581,236524,1,"not linked"
3.14852840520192,0.998233904263581,236261,0,"not linked"
3.15126625598905,0.998233904263581,236034,0,"not linked"
3.15400410677618,0.998233904263581,235967,0,"not linked"
3.15674195756331,0.998233904263581,235838,0,"not linked"
3.15947980835044,0.998233904263581,235475,0,"not linked"
3.16221765913758,0.998225416132665,235207,2,"not linked"
3.16495550992471,0.998225416132665,234918,0,"not linked"
3.16769336071184,0.998225416132665,234663,0,"not linked"
3.17043121149897,0.998225416132665,234458,0,"not linked"
3.17316906228611,0.998225416132665,234409,0,"not linked"
3.17590691307324,0.998225416132665,234270,0,"not linked"
3.17864476386037,0.998225416132665,233990,0,"not linked"
3.1813826146475,0.998225416132665,233643,0,"not linked"
3.18412046543463,0.998225416132665,233330,0,"not linked"
3.18685831622177,0.998225416132665,233073,0,"not linked"
3.1895961670089,0.998225416132665,232858,0,"not linked"
3.19233401779603,0.998225416132665,232824,0,"not linked"
3.19507186858316,0.99822112654603,232709,1,"not linked"
3.19780971937029,0.99822112654603,232373,0,"not linked"
3.20054757015743,0.99822112654603,232006,0,"not linked"
3.20328542094456,0.99822112654603,231692,0,"not linked"
3.20602327173169,0.99822112654603,231448,0,"not linked"
3.20876112251882,0.99822112654603,231198,0,"not linked"
3.21149897330595,0.99822112654603,231163,0,"not linked"
3.21423682409309,0.99822112654603,231058,0,"not linked"
3.21697467488022,0.99822112654603,230696,0,"not linked"
3.21971252566735,0.99822112654603,230381,0,"not linked"
3.22245037645448,0.99822112654603,230012,0,"not linked"
3.22518822724162,0.99822112654603,229691,0,"not linked"
3.22792607802875,0.99822112654603,229489,0,"not linked"
3.23066392881588,0.99822112654603,229441,0,"not linked"
3.23340177960301,0.998216773261832,229303,1,"not linked"
3.23613963039014,0.998212413989151,228987,1,"not linked"
3.23887748117728,0.998208047756767,228621,1,"not linked"
3.24161533196441,0.998208047756767,228301,0,"not linked"
3.24435318275154,0.998208047756767,228006,0,"not linked"
3.24709103353867,0.998208047756767,227702,0,"not linked"
3.2498288843258,0.998203663343893,227672,1,"not linked"
3.25256673511294,0.998194890742017,227573,2,"not linked"
3.25530458590007,0.998194890742017,227244,0,"not linked"
3.2580424366872,0.998194890742017,226915,0,"not linked"
3.26078028747433,0.998194890742017,226513,0,"not linked"
3.26351813826146,0.998194890742017,226254,0,"not linked"
3.2662559890486,0.998194890742017,225987,0,"not linked"
3.26899383983573,0.998194890742017,225954,0,"not linked"
3.27173169062286,0.998186050470035,225829,2,"not linked"
3.27446954140999,0.998168347113578,225536,4,"not linked"
3.27720739219713,0.998168347113578,225194,0,"not linked"
3.27994524298426,0.998163908205654,224868,1,"not linked"
3.28268309377139,0.998163908205654,224544,0,"not linked"
3.28542094455852,0.998163908205654,224332,0,"not linked"
3.28815879534565,0.998163908205654,224275,0,"not linked"
3.29089664613279,0.998163908205654,224150,0,"not linked"
3.29363449691992,0.998159447875482,223787,1,"not linked"
3.29637234770705,0.998159447875482,223461,0,"not linked"
3.29911019849418,0.998159447875482,223208,0,"not linked"
3.30184804928131,0.998159447875482,222990,0,"not linked"
3.30458590006845,0.998159447875482,222757,0,"not linked"
3.30732375085558,0.998159447875482,222694,0,"not linked"
3.31006160164271,0.998159447875482,222538,0,"not linked"
3.31279945242984,0.998159447875482,222180,0,"not linked"
3.31553730321697,0.998159447875482,221885,0,"not linked"
3.31827515400411,0.998154941898803,221519,1,"not linked"
3.32101300479124,0.998154941898803,221188,0,"not linked"
3.32375085557837,0.998154941898803,220879,0,"not linked"
3.3264887063655,0.998154941898803,220810,0,"not linked"
3.32922655715264,0.998154941898803,220734,0,"not linked"
3.33196440793977,0.998154941898803,220371,0,"not linked"
3.3347022587269,0.998154941898803,219964,0,"not linked"
3.33744010951403,0.998154941898803,219635,0,"not linked"
3.34017796030116,0.998154941898803,219312,0,"not linked"
3.3429158110883,0.998154941898803,219074,0,"not linked"
3.34565366187543,0.998154941898803,219027,0,"not linked"
3.34839151266256,0.998154941898803,218884,0,"not linked"
3.35112936344969,0.998150376358516,218628,1,"not linked"
3.35386721423682,0.998145802114429,218211,1,"not linked"
3.35660506502396,0.998145802114429,217839,0,"not linked"
3.35934291581109,0.998145802114429,217540,0,"not linked"
3.36208076659822,0.998145802114429,217295,0,"not linked"
3.36481861738535,0.998141207720787,217253,1,"not linked"
3.36755646817248,0.998141207720787,217103,0,"not linked"
3.37029431895962,0.998141207720787,216796,0,"not linked"
3.37303216974675,0.998141207720787,216413,0,"not linked"
3.37577002053388,0.998141207720787,216106,0,"not linked"
3.37850787132101,0.998141207720787,215824,0,"not linked"
3.38124572210815,0.998141207720787,215572,0,"not linked"
3.38398357289528,0.998141207720787,215531,0,"not linked"
3.38672142368241,0.998141207720787,215289,0,"not linked"
3.38945927446954,0.998141207720787,214918,0,"not linked"
3.39219712525667,0.998141207720787,214516,0,"not linked"
3.39493497604381,0.998141207720787,214164,0,"not linked"
3.39767282683094,0.998136540608947,213867,1,"not linked"
3.40041067761807,0.998136540608947,213551,0,"not linked"
3.4031485284052,0.998136540608947,213496,0,"not linked"
3.40588637919233,0.998136540608947,213354,0,"not linked"
3.40862422997947,0.998136540608947,212986,0,"not linked"
3.4113620807666,0.998136540608947,212532,0,"not linked"
3.41409993155373,0.998136540608947,212206,0,"not linked"
3.41683778234086,0.998136540608947,211907,0,"not linked"
3.41957563312799,0.998136540608947,211675,0,"not linked"
3.42231348391513,0.998136540608947,211637,0,"not linked"
3.42505133470226,0.998136540608947,211493,0,"not linked"
3.42778918548939,0.998136540608947,211146,0,"not linked"
3.43052703627652,0.998136540608947,210714,0,"not linked"
3.43326488706365,0.998136540608947,210338,0,"not linked"
3.43600273785079,0.998136540608947,210042,0,"not linked"
3.43874058863792,0.998127021491867,209712,2,"not linked"
3.44147843942505,0.998127021491867,209657,0,"not linked"
3.44421629021218,0.998122257276113,209505,1,"not linked"
3.44695414099932,0.998117485589795,209176,1,"not linked"
3.44969199178645,0.998112705310744,208799,1,"not linked"
3.45242984257358,0.998112705310744,208436,0,"not linked"
3.45516769336071,0.998112705310744,208121,0,"not linked"
3.45790554414784,0.998112705310744,207840,0,"not linked"
3.46064339493498,0.998112705310744,207793,0,"not linked"
3.46338124572211,0.998112705310744,207683,0,"not linked"
3.46611909650924,0.998112705310744,207372,0,"not linked"
3.46885694729637,0.998107883277287,206990,1,"not linked"
3.4715947980835,0.998103050878132,206545,1,"not linked"
3.47433264887064,0.998103050878132,206256,0,"not linked"
3.47707049965777,0.998103050878132,205938,0,"not linked"
3.4798083504449,0.998098203105542,205889,1,"not linked"
3.48254620123203,0.998098203105542,205769,0,"not linked"
3.48528405201917,0.998098203105542,205322,0,"not linked"
3.4880219028063,0.998098203105542,204990,0,"not linked"
3.49075975359343,0.998098203105542,204679,0,"not linked"
3.49349760438056,0.998098203105542,204354,0,"not linked"
3.49623545516769,0.998098203105542,204085,0,"not linked"
3.49897330595483,0.998098203105542,204033,0,"not linked"
3.50171115674196,0.998098203105542,203916,0,"not linked"
3.50444900752909,0.998098203105542,203621,0,"not linked"
3.50718685831622,0.998098203105542,203213,0,"not linked"
3.50992470910335,0.998098203105542,202833,0,"not linked"
3.51266255989049,0.998098203105542,202521,0,"not linked"
3.51540041067762,0.998098203105542,202187,0,"not linked"
3.51813826146475,0.998098203105542,202134,0,"not linked"
3.52087611225188,0.998098203105542,201988,0,"not linked"
3.52361396303901,0.998098203105542,201636,0,"not linked"
3.52635181382615,0.998088282490454,201217,2,"not linked"
3.52908966461328,0.998088282490454,200861,0,"not linked"
3.53182751540041,0.998083305213938,200529,1,"not linked"
3.53456536618754,0.998078319982053,200208,1,"not linked"
3.53730321697467,0.998078319982053,200150,0,"not linked"
3.54004106776181,0.998078319982053,199987,0,"not linked"
3.54277891854894,0.998073320115706,199621,1,"not linked"
3.54551676933607,0.998068308525019,199153,1,"not linked"
3.5482546201232,0.998063285786815,198710,1,"not linked"
3.55099247091034,0.998063285786815,198405,0,"not linked"
3.55373032169747,0.998063285786815,198118,0,"not linked"
3.5564681724846,0.998063285786815,198064,0,"not linked"
3.55920602327173,0.998058242337649,197893,1,"not linked"
3.56194387405886,0.998058242337649,197606,0,"not linked"
3.564681724846,0.99805318421704,197318,1,"not linked"
3.56741957563313,0.99805318421704,196981,0,"not linked"
3.57015742642026,0.99805318421704,196738,0,"not linked"
3.57289527720739,0.99805318421704,196426,0,"not linked"
3.57563312799452,0.99805318421704,196351,0,"not linked"
3.57837097878166,0.998048097584873,196211,1,"not linked"
3.58110882956879,0.998042999390111,195765,1,"not linked"
3.58384668035592,0.998042999390111,195387,0,"not linked"
3.58658453114305,0.998042999390111,195034,0,"not linked"
3.58932238193018,0.998042999390111,194678,0,"not linked"
3.59206023271732,0.998037866242622,194431,1,"not linked"
3.59479808350445,0.998032731114293,194355,1,"not linked"
3.59753593429158,0.998032731114293,194237,0,"not linked"
3.60027378507871,0.998032731114293,193842,0,"not linked"
3.60301163586585,0.998032731114293,193471,0,"not linked"
3.60574948665298,0.998032731114293,193087,0,"not linked"
3.60848733744011,0.998032731114293,192747,0,"not linked"
3.61122518822724,0.998032731114293,192441,0,"not linked"
3.61396303901437,0.998032731114293,192398,0,"not linked"
3.61670088980151,0.998032731114293,192256,0,"not linked"
3.61943874058864,0.998032731114293,191839,0,"not linked"
3.62217659137577,0.998032731114293,191489,0,"not linked"
3.6249144421629,0.998032731114293,190990,0,"not linked"
3.62765229295003,0.998032731114293,190746,0,"not linked"
3.63039014373717,0.998032731114293,190641,0,"not linked"
3.6331279945243,0.998032731114293,190489,0,"not linked"
3.63586584531143,0.998032731114293,190373,0,"not linked"
3.63860369609856,0.998032731114293,189977,0,"not linked"
3.64134154688569,0.998032731114293,189743,0,"not linked"
3.64407939767283,0.998032731114293,189522,0,"not linked"
3.64681724845996,0.998032731114293,189286,0,"not linked"
3.64955509924709,0.998032731114293,189129,0,"not linked"
3.65229295003422,0.998032731114293,189073,0,"not linked"
3.65503080082136,0.998032731114293,188924,0,"not linked"
3.65776865160849,0.998032731114293,188631,0,"not linked"
3.66050650239562,0.998032731114293,188292,0,"not linked"
3.66324435318275,0.998032731114293,187880,0,"not linked"
3.66598220396988,0.998032731114293,187636,0,"not linked"
3.66872005475702,0.998032731114293,187349,0,"not linked"
3.67145790554415,0.998032731114293,187299,0,"not linked"
3.67419575633128,0.998032731114293,187143,0,"not linked"
3.67693360711841,0.998027387926201,186786,1,"not linked"
3.67967145790554,0.998027387926201,186377,0,"not linked"
3.68240930869268,0.998022022476021,186010,1,"not linked"
3.68514715947981,0.998022022476021,185646,0,"not linked"
3.68788501026694,0.998022022476021,185334,0,"not linked"
3.69062286105407,0.998022022476021,185284,0,"not linked"
3.6933607118412,0.998022022476021,185129,0,"not linked"
3.69609856262834,0.998022022476021,184754,0,"not linked"
3.69883641341547,0.998022022476021,184394,0,"not linked"
3.7015742642026,0.998022022476021,184023,0,"not linked"
3.70431211498973,0.998022022476021,183705,0,"not linked"
3.70704996577687,0.998016581321396,183421,1,"not linked"
3.709787816564,0.998016581321396,183373,0,"not linked"
3.71252566735113,0.998016581321396,183189,0,"not linked"
3.71526351813826,0.998016581321396,182874,0,"not linked"
3.71800136892539,0.998011104003693,182209,1,"not linked"
3.72073921971253,0.998011104003693,181808,0,"not linked"
3.72347707049966,0.998011104003693,181445,0,"not linked"
3.72621492128679,0.998011104003693,181045,0,"not linked"
3.72895277207392,0.998005587173657,180903,1,"not linked"
3.73169062286105,0.998005587173657,180794,0,"not linked"
3.73442847364819,0.998005587173657,180549,0,"not linked"
3.73716632443532,0.998005587173657,180262,0,"not linked"
3.73990417522245,0.998005587173657,179827,0,"not linked"
3.74264202600958,0.998005587173657,179499,0,"not linked"
3.74537987679671,0.998005587173657,179146,0,"not linked"
3.74811772758385,0.998005587173657,179099,0,"not linked"
3.75085557837098,0.998005587173657,178916,0,"not linked"
3.75359342915811,0.998005587173657,178532,0,"not linked"
3.75633127994524,0.998005587173657,178083,0,"not linked"
3.75906913073237,0.99799996976549,177663,1,"not linked"
3.76180698151951,0.99799996976549,177342,0,"not linked"
3.76454483230664,0.99799996976549,177018,0,"not linked"
3.76728268309377,0.99799996976549,176968,0,"not linked"
3.7700205338809,0.99799996976549,176782,0,"not linked"
3.77275838466804,0.997994313067178,176428,1,"not linked"
3.77549623545517,0.997994313067178,175988,0,"not linked"
3.7782340862423,0.997994313067178,175560,0,"not linked"
3.78097193702943,0.997994313067178,175238,0,"not linked"
3.78370978781656,0.997994313067178,174940,0,"not linked"
3.7864476386037,0.997994313067178,174890,0,"not linked"
3.78918548939083,0.997988600743754,174709,1,"not linked"
3.79192334017796,0.997988600743754,174331,0,"not linked"
3.79466119096509,0.997988600743754,173884,0,"not linked"
3.79739904175222,0.997982849841344,173536,1,"not linked"
3.80013689253936,0.997982849841344,173031,0,"not linked"
3.80287474332649,0.997982849841344,172698,0,"not linked"
3.80561259411362,0.997982849841344,172616,0,"not linked"
3.80835044490075,0.997982849841344,172436,0,"not linked"
3.81108829568789,0.997982849841344,172110,0,"not linked"
3.81382614647502,0.997982849841344,171691,0,"not linked"
3.81656399726215,0.997982849841344,171239,0,"not linked"
3.81930184804928,0.997982849841344,170913,0,"not linked"
3.82203969883641,0.997982849841344,170703,0,"not linked"
3.82477754962355,0.997977002125684,170662,1,"not linked"
3.82751540041068,0.997977002125684,170485,0,"not linked"
3.83025325119781,0.997977002125684,170076,0,"not linked"
3.83299110198494,0.997977002125684,169612,0,"not linked"
3.83572895277207,0.997977002125684,169237,0,"not linked"
3.83846680355921,0.997977002125684,168973,0,"not linked"
3.84120465434634,0.997977002125684,168662,0,"not linked"
3.84394250513347,0.997977002125684,168617,0,"not linked"
3.8466803559206,0.997977002125684,168499,0,"not linked"
3.84941820670773,0.997971062811625,168029,1,"not linked"
3.85215605749487,0.997971062811625,167605,0,"not linked"
3.854893908282,0.997971062811625,167239,0,"not linked"
3.85763175906913,0.997971062811625,166966,0,"not linked"
3.86036960985626,0.997971062811625,166633,0,"not linked"
3.86310746064339,0.997971062811625,166556,0,"not linked"
3.86584531143053,0.997965066830714,166440,1,"not linked"
3.86858316221766,0.997965066830714,166045,0,"not linked"
3.87132101300479,0.997965066830714,165626,0,"not linked"
3.87405886379192,0.997965066830714,165270,0,"not linked"
3.87679671457906,0.997965066830714,164988,0,"not linked"
3.87953456536619,0.997965066830714,164663,0,"not linked"
3.88227241615332,0.997965066830714,164590,0,"not linked"
3.88501026694045,0.997965066830714,164271,0,"not linked"
3.88774811772758,0.997965066830714,163828,0,"not linked"
3.89048596851472,0.997965066830714,163362,0,"not linked"
3.89322381930185,0.997965066830714,162988,0,"not linked"
3.89596167008898,0.997965066830714,162628,0,"not linked"
3.89869952087611,0.997965066830714,162250,0,"not linked"
3.90143737166324,0.997965066830714,162198,0,"not linked"
3.90417522245038,0.997965066830714,162056,0,"not linked"
3.90691307323751,0.997965066830714,161641,0,"not linked"
3.90965092402464,0.997965066830714,161361,0,"not linked"
3.91238877481177,0.997965066830714,160994,0,"not linked"
3.91512662559891,0.997958856293173,160689,1,"not linked"
3.91786447638604,0.997958856293173,160428,0,"not linked"
3.92060232717317,0.997952633673478,160376,1,"not linked"
3.9233401779603,0.997952633673478,160252,0,"not linked"
3.92607802874743,0.997952633673478,159862,0,"not linked"
3.92881587953457,0.997952633673478,159462,0,"not linked"
3.9315537303217,0.997952633673478,159077,0,"not linked"
3.93429158110883,0.997952633673478,158756,0,"not linked"
3.93702943189596,0.997952633673478,158452,0,"not linked"
3.93976728268309,0.997952633673478,158398,0,"not linked"
3.94250513347023,0.997946328372264,158272,1,"not linked"
3.94524298425736,0.997940007095219,157871,1,"not linked"
3.94798083504449,0.997940007095219,157589,0,"not linked"
3.95071868583162,0.997940007095219,157245,0,"not linked"
3.95345653661875,0.997940007095219,156896,0,"not linked"
3.95619438740589,0.997940007095219,156670,0,"not linked"
3.95893223819302,0.997940007095219,156621,0,"not linked"
3.96167008898015,0.997940007095219,156513,0,"not linked"
3.96440793976728,0.997940007095219,156039,0,"not linked"
3.96714579055441,0.997940007095219,155500,0,"not linked"
3.96988364134155,0.997940007095219,155229,0,"not linked"
3.97262149212868,0.997933561661824,154829,1,"not linked"
3.97535934291581,0.997927099700821,154432,1,"not linked"
3.97809719370294,0.997927099700821,154378,0,"not linked"
3.98083504449008,0.997927099700821,154271,0,"not linked"
3.98357289527721,0.997927099700821,153897,0,"not linked"
3.98631074606434,0.997920595708201,153433,1,"not linked"
3.98904859685147,0.997920595708201,153037,0,"not linked"
3.9917864476386,0.997920595708201,152749,0,"not linked"
3.99452429842574,0.997920595708201,152412,0,"not linked"
3.99726214921287,0.997920595708201,152354,0,"not linked"
4,0.997920595708201,152208,0,"not linked"
4.00273785078713,0.997920595708201,151857,0,"not linked"
4.00547570157426,0.997920595708201,151531,0,"not linked"
4.0082135523614,0.997920595708201,151097,0,"not linked"
4.01095140314853,0.997920595708201,150781,0,"not linked"
4.01368925393566,0.997913964521897,150489,1,"not linked"
4.01642710472279,0.997913964521897,150454,0,"not linked"
4.01916495550992,0.997913964521897,150346,0,"not linked"
4.02190280629706,0.997913964521897,149967,0,"not linked"
4.02464065708419,0.997913964521897,149570,0,"not linked"
4.02737850787132,0.997913964521897,149233,0,"not linked"
4.03011635865845,0.997913964521897,148992,0,"not linked"
4.03285420944558,0.997913964521897,148703,0,"not linked"
4.03559206023272,0.997913964521897,148666,0,"not linked"
4.03832991101985,0.997913964521897,148575,0,"not linked"
4.04106776180698,0.997913964521897,148242,0,"not linked"
4.04380561259411,0.997913964521897,147838,0,"not linked"
4.04654346338125,0.997913964521897,147547,0,"not linked"
4.04928131416838,0.997913964521897,147282,0,"not linked"
4.05201916495551,0.997907167854019,146824,1,"not linked"
4.05475701574264,0.997907167854019,146742,0,"not linked"
4.05749486652977,0.997907167854019,146592,0,"not linked"
4.06023271731691,0.997900344183884,146242,1,"not linked"
4.06297056810404,0.99789350451847,145899,1,"not linked"
4.06570841889117,0.99789350451847,145542,0,"not linked"
4.0684462696783,0.997886635474426,145274,1,"not linked"
4.07118412046543,0.997886635474426,144976,0,"not linked"
4.07392197125257,0.997879750173691,144930,1,"not linked"
4.0766598220397,0.997879750173691,144833,0,"not linked"
4.07939767282683,0.997879750173691,144347,0,"not linked"
4.08213552361396,0.997872824108627,144076,1,"not linked"
4.08487337440109,0.997872824108627,143779,0,"not linked"
4.08761122518823,0.997872824108627,143473,0,"not linked"
4.09034907597536,0.997872824108627,143209,0,"not linked"
4.09308692676249,0.997872824108627,143151,0,"not linked"
4.09582477754962,0.997865847440627,143030,1,"not linked"
4.09856262833676,0.997865847440627,142703,0,"not linked"
4.10130047912389,0.997865847440627,142343,0,"not linked"
4.10403832991102,0.997865847440627,141968,0,"not linked"
4.10677618069815,0.997865847440627,141718,0,"not linked"
4.10951403148528,0.997865847440627,141452,0,"not linked"
4.11225188227242,0.997865847440627,141424,0,"not linked"
4.11498973305955,0.997865847440627,141325,0,"not linked"
4.11772758384668,0.997865847440627,140837,0,"not linked"
4.12046543463381,0.997865847440627,140537,0,"not linked"
4.12320328542094,0.997865847440627,140209,0,"not linked"
4.12594113620808,0.997865847440627,139932,0,"not linked"
4.12867898699521,0.997865847440627,139687,0,"not linked"
4.13141683778234,0.997865847440627,139643,0,"not linked"
4.13415468856947,0.997865847440627,139560,0,"not linked"
4.13689253935661,0.997865847440627,139118,0,"not linked"
4.13963039014374,0.997865847440627,138665,0,"not linked"
4.14236824093087,0.997865847440627,138307,0,"not linked"
4.145106091718,0.997865847440627,138029,0,"not linked"
4.14784394250513,0.997865847440627,137771,0,"not linked"
4.15058179329227,0.997865847440627,137739,0,"not linked"
4.1533196440794,0.997865847440627,137637,0,"not linked"
4.15605749486653,0.997865847440627,137229,0,"not linked"
4.15879534565366,0.997865847440627,136863,0,"not linked"
4.16153319644079,0.997865847440627,136532,0,"not linked"
4.16427104722793,0.997865847440627,136260,0,"not linked"
4.16700889801506,0.997858511378464,136022,1,"not linked"
4.16974674880219,0.997858511378464,135988,0,"not linked"
4.17248459958932,0.997858511378464,135897,0,"not linked"
4.17522245037645,0.997858511378464,135564,0,"not linked"
4.17796030116359,0.997858511378464,135108,0,"not linked"
4.18069815195072,0.997858511378464,134722,0,"not linked"
4.18343600273785,0.997851086504501,134394,1,"not linked"
4.18617385352498,0.997851086504501,134067,0,"not linked"
4.18891170431212,0.997851086504501,134024,0,"not linked"
4.19164955509925,0.997851086504501,133902,0,"not linked"
4.19438740588638,0.997851086504501,133596,0,"not linked"
4.19712525667351,0.997851086504501,133216,0,"not linked"
4.19986310746064,0.997851086504501,132843,0,"not linked"
4.20260095824778,0.997843560494512,132587,1,"not linked"
4.20533880903491,0.997843560494512,132375,0,"not linked"
4.20807665982204,0.997843560494512,132336,0,"not linked"
4.21081451060917,0.997843560494512,132273,0,"not linked"
4.2135523613963,0.997843560494512,131893,0,"not linked"
4.21629021218344,0.997843560494512,131519,0,"not linked"
4.21902806297057,0.997843560494512,131035,0,"not linked"
4.2217659137577,0.997843560494512,130735,0,"not linked"
4.22450376454483,0.997843560494512,130520,0,"not linked"
4.22724161533196,0.997843560494512,130474,0,"not linked"
4.2299794661191,0.997843560494512,130402,0,"not linked"
4.23271731690623,0.997843560494512,130126,0,"not linked"
4.23545516769336,0.997843560494512,129808,0,"not linked"
4.23819301848049,0.997843560494512,129398,0,"not linked"
4.24093086926762,0.997843560494512,129072,0,"not linked"
4.24366872005476,0.997843560494512,128802,0,"not linked"
4.24640657084189,0.997843560494512,128768,0,"not linked"
4.24914442162902,0.997843560494512,128682,0,"not linked"
4.25188227241615,0.997835784706404,128327,1,"not linked"
4.25462012320329,0.997835784706404,127865,0,"not linked"
4.25735797399042,0.997835784706404,127497,0,"not linked"
4.26009582477755,0.997835784706404,127143,0,"not linked"
4.26283367556468,0.997835784706404,126834,0,"not linked"
4.26557152635181,0.997835784706404,126799,0,"not linked"
4.26830937713895,0.997835784706404,126729,0,"not linked"
4.27104722792608,0.997835784706404,126390,0,"not linked"
4.27378507871321,0.997819943528682,125980,2,"not linked"
4.27652292950034,0.997819943528682,125616,0,"not linked"
4.27926078028747,0.997819943528682,125313,0,"not linked"
4.28199863107461,0.997811965883363,125077,1,"not linked"
4.28473648186174,0.997811965883363,125045,0,"not linked"
4.28747433264887,0.99780398019336,124950,1,"not linked"
4.290212183436,0.99780398019336,124667,0,"not linked"
4.29295003422313,0.997795951257925,124276,1,"not linked"
4.29568788501027,0.997787899971301,123930,1,"not linked"
4.2984257357974,0.997787899971301,123674,0,"not linked"
4.30116358658453,0.997787899971301,123473,0,"not linked"
4.30390143737166,0.997787899971301,123276,0,"not linked"
4.3066392881588,0.997787899971301,123153,0,"not linked"
4.30937713894593,0.997779776316508,122825,1,"not linked"
4.31211498973306,0.997779776316508,122383,0,"not linked"
4.31485284052019,0.997779776316508,121969,0,"not linked"
4.31759069130732,0.997779776316508,121603,0,"not linked"
4.32032854209446,0.997779776316508,121302,0,"not linked"
4.32306639288159,0.997779776316508,121263,0,"not linked"
4.32580424366872,0.997779776316508,121172,0,"not linked"
4.32854209445585,0.997771526316291,120943,1,"not linked"
4.33127994524298,0.997771526316291,120647,0,"not linked"
4.33401779603012,0.997763231530181,120289,1,"not linked"
4.33675564681725,0.997763231530181,119934,0,"not linked"
4.33949349760438,0.997763231530181,119827,0,"not linked"
4.34223134839151,0.997763231530181,119800,0,"not linked"
4.34496919917864,0.997763231530181,119726,0,"not linked"
4.34770704996578,0.997763231530181,119466,0,"not linked"
4.35044490075291,0.997763231530181,119177,0,"not linked"
4.35318275154004,0.997763231530181,118858,0,"not linked"
4.35592060232717,0.997763231530181,118566,0,"not linked"
4.35865845311431,0.997763231530181,118278,0,"not linked"
4.36139630390144,0.997763231530181,118242,0,"not linked"
4.36413415468857,0.997763231530181,118170,0,"not linked"
4.3668720054757,0.997763231530181,117849,0,"not linked"
4.36960985626283,0.997754741662311,117524,1,"not linked"
4.37234770704997,0.997754741662311,117116,0,"not linked"
4.3750855578371,0.997754741662311,116850,0,"not linked"
4.37782340862423,0.997754741662311,116569,0,"not linked"
4.38056125941136,0.997754741662311,116545,0,"not linked"
4.38329911019849,0.997754741662311,116476,0,"not linked"
4.38603696098563,0.997754741662311,115957,0,"not linked"
4.38877481177276,0.997754741662311,115535,0,"not linked"
4.39151266255989,0.997754741662311,115199,0,"not linked"
4.39425051334702,0.997754741662311,114959,0,"not linked"
4.39698836413415,0.997754741662311,114688,0,"not linked"
4.39972621492129,0.997746039123811,114651,1,"not linked"
4.40246406570842,0.997746039123811,114587,0,"not linked"
4.40520191649555,0.997746039123811,114256,0,"not linked"
4.40793976728268,0.997746039123811,113855,0,"not linked"
4.41067761806982,0.997746039123811,113429,0,"not linked"
4.41341546885695,0.997746039123811,113108,0,"not linked"
4.41615331964408,0.997746039123811,112788,0,"not linked"
4.41889117043121,0.997746039123811,112753,0,"not linked"
4.42162902121834,0.997746039123811,112674,0,"not linked"
4.42436687200548,0.997746039123811,112274,0,"not linked"
4.42710472279261,0.997746039123811,111865,0,"not linked"
4.42984257357974,0.997746039123811,111469,0,"not linked"
4.43258042436687,0.997746039123811,111181,0,"not linked"
4.435318275154,0.997746039123811,110879,0,"not linked"
4.43805612594114,0.997746039123811,110845,0,"not linked"
4.44079397672827,0.997746039123811,110776,0,"not linked"
4.4435318275154,0.997746039123811,110461,0,"not linked"
4.44626967830253,0.997746039123811,110011,0,"not linked"
4.44900752908966,0.997746039123811,109622,0,"not linked"
4.4517453798768,0.997746039123811,109210,0,"not linked"
4.45448323066393,0.997746039123811,108930,0,"not linked"
4.45722108145106,0.997746039123811,108893,0,"not linked"
4.45995893223819,0.997746039123811,108831,0,"not linked"
4.46269678302532,0.997746039123811,108545,0,"not linked"
4.46543463381246,0.997746039123811,108186,0,"not linked"
4.46817248459959,0.997746039123811,107914,0,"not linked"
4.47091033538672,0.997746039123811,107422,0,"not linked"
4.47364818617385,0.997746039123811,107059,0,"not linked"
4.47638603696099,0.997746039123811,107013,0,"not linked"
4.47912388774812,0.997736708900977,106937,1,"not linked"
4.48186173853525,0.997736708900977,106554,0,"not linked"
4.48459958932238,0.997736708900977,106248,0,"not linked"
4.48733744010951,0.997736708900977,105925,0,"not linked"
4.49007529089665,0.997736708900977,105615,0,"not linked"
4.49281314168378,0.997736708900977,105331,0,"not linked"
4.49555099247091,0.997736708900977,105307,0,"not linked"
4.49828884325804,0.997736708900977,105247,0,"not linked"
4.50102669404517,0.997736708900977,104936,0,"not linked"
4.50376454483231,0.997736708900977,104493,0,"not linked"
4.50650239561944,0.997736708900977,104157,0,"not linked"
4.50924024640657,0.997736708900977,103853,0,"not linked"
4.5119780971937,0.997736708900977,103541,0,"not linked"
4.51471594798083,0.997736708900977,103521,0,"not linked"
4.51745379876797,0.997736708900977,103456,0,"not linked"
4.5201916495551,0.997736708900977,103155,0,"not linked"
4.52292950034223,0.997736708900977,102813,0,"not linked"
4.52566735112936,0.997736708900977,102468,0,"not linked"
4.5284052019165,0.997736708900977,102164,0,"not linked"
4.53114305270363,0.997736708900977,101912,0,"not linked"
4.53388090349076,0.997736708900977,101867,0,"not linked"
4.53661875427789,0.997736708900977,101809,0,"not linked"
4.53935660506502,0.997736708900977,101511,0,"not linked"
4.54209445585216,0.997736708900977,101110,0,"not linked"
4.54483230663929,0.997736708900977,100748,0,"not linked"
4.54757015742642,0.997736708900977,100354,0,"not linked"
4.55030800821355,0.997736708900977,100045,0,"not linked"
4.55304585900068,0.997736708900977,99999,0,"not linked"
4.55578370978782,0.997736708900977,99913,0,"not linked"
4.55852156057495,0.997736708900977,99583,0,"not linked"
4.56125941136208,0.997726645390236,99144,1,"not linked"
4.56399726214921,0.997726645390236,98792,0,"not linked"
4.56673511293635,0.997726645390236,98404,0,"not linked"
4.56947296372348,0.997726645390236,98045,0,"not linked"
4.57221081451061,0.997726645390236,97997,0,"not linked"
4.57494866529774,0.997726645390236,97939,0,"not linked"
4.57768651608487,0.997726645390236,97469,0,"not linked"
4.58042436687201,0.997726645390236,97111,0,"not linked"
4.58316221765914,0.997726645390236,96781,0,"not linked"
4.58590006844627,0.997726645390236,96483,0,"not linked"
4.5886379192334,0.997726645390236,96219,0,"not linked"
4.59137577002053,0.997726645390236,96178,0,"not linked"
4.59411362080767,0.997726645390236,96110,0,"not linked"
4.5968514715948,0.997726645390236,95813,0,"not linked"
4.59958932238193,0.997716193394119,95458,1,"not linked"
4.60232717316906,0.997716193394119,95119,0,"not linked"
4.60506502395619,0.997716193394119,94745,0,"not linked"
4.60780287474333,0.997716193394119,94224,0,"not linked"
4.61054072553046,0.997716193394119,94205,0,"not linked"
4.61327857631759,0.997716193394119,94142,0,"not linked"
4.61601642710472,0.997716193394119,93681,0,"not linked"
4.61875427789186,0.997716193394119,93505,0,"not linked"
4.62149212867899,0.997716193394119,93292,0,"not linked"
4.62422997946612,0.997716193394119,93103,0,"not linked"
4.62696783025325,0.997716193394119,92951,0,"not linked"
4.62970568104038,0.997716193394119,92933,0,"not linked"
4.63244353182752,0.997716193394119,92700,0,"not linked"
4.63518138261465,0.997716193394119,92483,0,"not linked"
4.63791923340178,0.997716193394119,92354,0,"not linked"
4.64065708418891,0.997716193394119,92218,0,"not linked"
4.64339493497604,0.997716193394119,92068,0,"not linked"
4.64613278576318,0.997716193394119,91976,0,"not linked"
4.64887063655031,0.997716193394119,91956,0,"not linked"
4.65160848733744,0.997716193394119,91921,0,"not linked"
4.65434633812457,0.997716193394119,91742,0,"not linked"
4.6570841889117,0.997716193394119,91472,0,"not linked"
4.65982203969884,0.997716193394119,91187,0,"not linked"
4.66255989048597,0.997716193394119,90886,0,"not linked"
4.6652977412731,0.997716193394119,90551,0,"not linked"
4.66803559206023,0.997716193394119,90520,0,"not linked"
4.67077344284736,0.997716193394119,90459,0,"not linked"
4.6735112936345,0.997716193394119,90165,0,"not linked"
4.67624914442163,0.997705086061044,89825,1,"not linked"
4.67898699520876,0.997705086061044,89501,0,"not linked"
4.68172484599589,0.997705086061044,89183,0,"not linked"
4.68446269678302,0.997705086061044,88891,0,"not linked"
4.68720054757016,0.997705086061044,88862,0,"not linked"
4.68993839835729,0.997705086061044,88802,0,"not linked"
4.69267624914442,0.997705086061044,88483,0,"not linked"
4.69541409993155,0.997705086061044,88171,0,"not linked"
4.69815195071869,0.997705086061044,87783,0,"not linked"
4.70088980150582,0.997705086061044,87507,0,"not linked"
4.70362765229295,0.997705086061044,87259,0,"not linked"
4.70636550308008,0.997705086061044,87233,0,"not linked"
4.70910335386721,0.997705086061044,87184,0,"not linked"
4.71184120465435,0.997705086061044,86908,0,"not linked"
4.71457905544148,0.997705086061044,86471,0,"not linked"
4.71731690622861,0.997705086061044,85983,0,"not linked"
4.72005475701574,0.997705086061044,85616,0,"not linked"
4.72279260780287,0.997705086061044,85235,0,"not linked"
4.72553045859001,0.997705086061044,85179,0,"not linked"
4.72826830937714,0.997705086061044,85118,0,"not linked"
4.73100616016427,0.997705086061044,84837,0,"not linked"
4.7337440109514,0.997705086061044,84485,0,"not linked"
4.73648186173854,0.997705086061044,84112,0,"not linked"
4.73921971252567,0.997705086061044,83793,0,"not linked"
4.7419575633128,0.997705086061044,83479,0,"not linked"
4.74469541409993,0.997705086061044,83436,0,"not linked"
4.74743326488706,0.997705086061044,83404,0,"not linked"
4.7501711156742,0.997705086061044,83041,0,"not linked"
4.75290896646133,0.997705086061044,82592,0,"not linked"
4.75564681724846,0.997705086061044,82245,0,"not linked"
4.75838466803559,0.997705086061044,81976,0,"not linked"
4.76112251882272,0.997705086061044,81639,0,"not linked"
4.76386036960986,0.997705086061044,81603,0,"not linked"
4.76659822039699,0.997705086061044,81552,0,"not linked"
4.76933607118412,0.997705086061044,81230,0,"not linked"
4.77207392197125,0.997705086061044,80856,0,"not linked"
4.77481177275838,0.997705086061044,80621,0,"not linked"
4.77754962354552,0.997705086061044,80328,0,"not linked"
4.78028747433265,0.997705086061044,79987,0,"not linked"
4.78302532511978,0.997705086061044,79959,0,"not linked"
4.78576317590691,0.997705086061044,79903,0,"not linked"
4.78850102669405,0.997705086061044,79568,0,"not linked"
4.79123887748118,0.997705086061044,79199,0,"not linked"
4.79397672826831,0.997705086061044,78852,0,"not linked"
4.79671457905544,0.997705086061044,78540,0,"not linked"
4.79945242984257,0.997705086061044,78103,0,"not linked"
4.80219028062971,0.997705086061044,78056,0,"not linked"
4.80492813141684,0.997692291197353,77977,1,"not linked"
4.80766598220397,0.997692291197353,77653,0,"not linked"
4.8104038329911,0.997679380766296,77278,1,"not linked"
4.81314168377823,0.997679380766296,76923,0,"not linked"
4.81587953456537,0.997679380766296,76555,0,"not linked"
4.8186173853525,0.997679380766296,76266,0,"not linked"
4.82135523613963,0.997679380766296,76235,0,"not linked"
4.82409308692676,0.997679380766296,76182,0,"not linked"
4.82683093771389,0.997679380766296,75859,0,"not linked"
4.82956878850103,0.997679380766296,75469,0,"not linked"
4.83230663928816,0.997679380766296,75158,0,"not linked"
4.83504449007529,0.997679380766296,74896,0,"not linked"
4.83778234086242,0.997679380766296,74627,0,"not linked"
4.84052019164956,0.997679380766296,74595,0,"not linked"
4.84325804243669,0.997679380766296,74527,0,"not linked"
4.84599589322382,0.997679380766296,74229,0,"not linked"
4.84873374401095,0.997679380766296,73800,0,"not linked"
4.85147159479808,0.997679380766296,73437,0,"not linked"
4.85420944558522,0.997679380766296,73130,0,"not linked"
4.85694729637235,0.997679380766296,72838,0,"not linked"
4.85968514715948,0.997679380766296,72803,0,"not linked"
4.86242299794661,0.997679380766296,72738,0,"not linked"
4.86516084873374,0.997679380766296,72440,0,"not linked"
4.86789869952088,0.997679380766296,72129,0,"not linked"
4.87063655030801,0.997679380766296,71796,0,"not linked"
4.87337440109514,0.997679380766296,71507,0,"not linked"
4.87611225188227,0.997679380766296,71276,0,"not linked"
4.8788501026694,0.997679380766296,71234,0,"not linked"
4.88158795345654,0.997679380766296,71166,0,"not linked"
4.88432580424367,0.997679380766296,70683,0,"not linked"
4.8870636550308,0.997679380766296,70240,0,"not linked"
4.88980150581793,0.997679380766296,69814,0,"not linked"
4.89253935660506,0.997679380766296,69461,0,"not linked"
4.8952772073922,0.997679380766296,69163,0,"not linked"
4.89801505817933,0.997679380766296,69102,0,"not linked"
4.90075290896646,0.997679380766296,69038,0,"not linked"
4.90349075975359,0.997679380766296,68694,0,"not linked"
4.90622861054073,0.997679380766296,68316,0,"not linked"
4.90896646132786,0.997679380766296,67964,0,"not linked"
4.91170431211499,0.997679380766296,67657,0,"not linked"
4.91444216290212,0.997679380766296,67370,0,"not linked"
4.91718001368925,0.997679380766296,67347,0,"not linked"
4.91991786447639,0.997679380766296,67279,0,"not linked"
4.92265571526352,0.997679380766296,66954,0,"not linked"
4.92539356605065,0.997679380766296,66604,0,"not linked"
4.92813141683778,0.997679380766296,66295,0,"not linked"
4.93086926762491,0.997679380766296,65944,0,"not linked"
4.93360711841205,0.997679380766296,65688,0,"not linked"
4.93634496919918,0.997679380766296,65651,0,"not linked"
4.93908281998631,0.997679380766296,65605,0,"not linked"
4.94182067077344,0.997679380766296,65241,0,"not linked"
4.94455852156057,0.997679380766296,64855,0,"not linked"
4.94729637234771,0.997679380766296,64580,0,"not linked"
4.95003422313484,0.997679380766296,64310,0,"not linked"
4.95277207392197,0.997679380766296,64081,0,"not linked"
4.9555099247091,0.997679380766296,64057,0,"not linked"
4.95824777549624,0.997679380766296,64011,0,"not linked"
4.96098562628337,0.997679380766296,63768,0,"not linked"
4.9637234770705,0.997679380766296,63455,0,"not linked"
4.96646132785763,0.997679380766296,62954,0,"not linked"
4.96919917864476,0.997679380766296,62657,0,"not linked"
4.9719370294319,0.997679380766296,62363,0,"not linked"
4.97467488021903,0.997679380766296,62331,0,"not linked"
4.97741273100616,0.997679380766296,62257,0,"not linked"
4.98015058179329,0.997679380766296,61991,0,"not linked"
4.98288843258042,0.997679380766296,61578,0,"not linked"
4.98562628336756,0.997679380766296,61276,0,"not linked"
4.98836413415469,0.997663021343803,60985,1,"not linked"
4.99110198494182,0.997663021343803,60754,0,"not linked"
4.99383983572895,0.997663021343803,60720,0,"not linked"
4.99657768651609,0.997663021343803,60671,0,"not linked"
4.99931553730322,0.997663021343803,60355,0,"not linked"
5.00205338809035,0.997663021343803,59980,0,"not linked"
5.00479123887748,0.997663021343803,59612,0,"not linked"
5.00752908966461,0.997663021343803,59310,0,"not linked"
5.01026694045175,0.997663021343803,59006,0,"not linked"
5.01300479123888,0.997663021343803,58985,0,"not linked"
5.01574264202601,0.997663021343803,58947,0,"not linked"
5.01848049281314,0.997663021343803,58632,0,"not linked"
5.02121834360027,0.997663021343803,58265,0,"not linked"
5.02395619438741,0.997663021343803,57895,0,"not linked"
5.02669404517454,0.997663021343803,57604,0,"not linked"
5.02943189596167,0.997663021343803,57295,0,"not linked"
5.0321697467488,0.997663021343803,57263,0,"not linked"
5.03490759753593,0.997663021343803,57214,0,"not linked"
5.03764544832307,0.997663021343803,56894,0,"not linked"
5.0403832991102,0.997663021343803,56477,0,"not linked"
5.04312114989733,0.997663021343803,56123,0,"not linked"
5.04585900068446,0.997663021343803,55833,0,"not linked"
5.04859685147159,0.997663021343803,55542,0,"not linked"
5.05133470225873,0.997663021343803,55324,0,"not linked"
5.05407255304586,0.997663021343803,55231,0,"not linked"
5.05681040383299,0.997663021343803,54882,0,"not linked"
5.05954825462012,0.997663021343803,54501,0,"not linked"
5.06228610540726,0.997663021343803,54143,0,"not linked"
5.06502395619439,0.997663021343803,53811,0,"not linked"
5.06776180698152,0.997663021343803,53508,0,"not linked"
5.07049965776865,0.997663021343803,53481,0,"not linked"
5.07323750855578,0.997663021343803,53436,0,"not linked"
5.07597535934292,0.997663021343803,53091,0,"not linked"
5.07871321013005,0.997663021343803,52649,0,"not linked"
5.08145106091718,0.997663021343803,52301,0,"not linked"
5.08418891170431,0.997663021343803,51984,0,"not linked"
5.08692676249144,0.997663021343803,51682,0,"not linked"
5.08966461327858,0.997663021343803,51659,0,"not linked"
5.09240246406571,0.997663021343803,51605,0,"not linked"
5.09514031485284,0.997663021343803,51293,0,"not linked"
5.09787816563997,0.997663021343803,50982,0,"not linked"
5.1006160164271,0.997663021343803,50657,0,"not linked"
5.10335386721424,0.997663021343803,50369,0,"not linked"
5.10609171800137,0.997663021343803,50073,0,"not linked"
5.1088295687885,0.997663021343803,50046,0,"not linked"
5.11156741957563,0.997663021343803,49992,0,"not linked"
5.11430527036276,0.997663021343803,49557,0,"not linked"
5.1170431211499,0.997663021343803,49268,0,"not linked"
5.11978097193703,0.997663021343803,48927,0,"not linked"
5.12251882272416,0.997663021343803,48641,0,"not linked"
5.12525667351129,0.997663021343803,48405,0,"not linked"
5.12799452429843,0.997663021343803,48381,0,"not linked"
5.13073237508556,0.997663021343803,48352,0,"not linked"
5.13347022587269,0.997663021343803,48014,0,"not linked"
5.13620807665982,0.997663021343803,47466,0,"not linked"
5.13894592744695,0.997663021343803,47123,0,"not linked"
5.14168377823409,0.997663021343803,46742,0,"not linked"
5.14442162902122,0.997663021343803,46436,0,"not linked"
5.14715947980835,0.997663021343803,46391,0,"not linked"
5.14989733059548,0.997663021343803,46335,0,"not linked"
5.15263518138261,0.997663021343803,45996,0,"not linked"
5.15537303216975,0.997663021343803,45598,0,"not linked"
5.15811088295688,0.997663021343803,45204,0,"not linked"
5.16084873374401,0.997663021343803,44891,0,"not linked"
5.16358658453114,0.997663021343803,44592,0,"not linked"
5.16632443531828,0.997663021343803,44571,0,"not linked"
5.16906228610541,0.997663021343803,44518,0,"not linked"
5.17180013689254,0.997663021343803,44162,0,"not linked"
5.17453798767967,0.997663021343803,43740,0,"not linked"
5.1772758384668,0.997663021343803,43403,0,"not linked"
5.18001368925394,0.997663021343803,43078,0,"not linked"
5.18275154004107,0.997663021343803,42813,0,"not linked"
5.1854893908282,0.997663021343803,42782,0,"not linked"
5.18822724161533,0.997663021343803,42730,0,"not linked"
5.19096509240246,0.997663021343803,42385,0,"not linked"
5.1937029431896,0.997663021343803,42017,0,"not linked"
5.19644079397673,0.997663021343803,41661,0,"not linked"
5.19917864476386,0.997663021343803,41314,0,"not linked"
5.20191649555099,0.997663021343803,40940,0,"not linked"
5.20465434633812,0.997663021343803,40901,0,"not linked"
5.20739219712526,0.997663021343803,40852,0,"not linked"
5.21013004791239,0.997663021343803,40490,0,"not linked"
5.21286789869952,0.997663021343803,40123,0,"not linked"
5.21560574948665,0.997663021343803,39775,0,"not linked"
5.21834360027379,0.997663021343803,39344,0,"not linked"
5.22108145106092,0.997663021343803,39059,0,"not linked"
5.22381930184805,0.997663021343803,39018,0,"not linked"
5.22655715263518,0.997663021343803,38936,0,"not linked"
5.22929500342231,0.997663021343803,38528,0,"not linked"
5.23203285420945,0.997663021343803,38106,0,"not linked"
5.23477070499658,0.997663021343803,37655,0,"not linked"
5.23750855578371,0.997663021343803,37283,0,"not linked"
5.24024640657084,0.997663021343803,36965,0,"not linked"
5.24298425735797,0.997663021343803,36936,0,"not linked"
5.24572210814511,0.997663021343803,36889,0,"not linked"
5.24845995893224,0.997663021343803,36561,0,"not linked"
5.25119780971937,0.997663021343803,36221,0,"not linked"
5.2539356605065,0.997663021343803,35904,0,"not linked"
5.25667351129363,0.997663021343803,35615,0,"not linked"
5.25941136208077,0.997663021343803,35312,0,"not linked"
5.2621492128679,0.997663021343803,35293,0,"not linked"
5.26488706365503,0.997663021343803,35250,0,"not linked"
5.26762491444216,0.997663021343803,34914,0,"not linked"
5.27036276522929,0.997663021343803,34457,0,"not linked"
5.27310061601643,0.997663021343803,34063,0,"not linked"
5.27583846680356,0.997663021343803,33611,0,"not linked"
5.27857631759069,0.997663021343803,33283,0,"not linked"
5.28131416837782,0.997663021343803,33262,0,"not linked"
5.28405201916496,0.997663021343803,33209,0,"not linked"
5.28678986995209,0.997663021343803,32887,0,"not linked"
5.28952772073922,0.997663021343803,32594,0,"not linked"
5.29226557152635,0.997663021343803,32264,0,"not linked"
5.29500342231348,0.997663021343803,32006,0,"not linked"
5.29774127310062,0.997663021343803,31793,0,"not linked"
5.30047912388775,0.997663021343803,31731,0,"not linked"
5.30321697467488,0.997663021343803,31408,0,"not linked"
5.30595482546201,0.997663021343803,31053,0,"not linked"
5.30869267624914,0.997663021343803,30623,0,"not linked"
5.31143052703628,0.997663021343803,30244,0,"not linked"
5.31416837782341,0.997663021343803,29908,0,"not linked"
5.31690622861054,0.997663021343803,29566,0,"not linked"
5.31964407939767,0.997663021343803,29532,0,"not linked"
5.3223819301848,0.997663021343803,29464,0,"not linked"
5.32511978097194,0.997663021343803,29166,0,"not linked"
5.32785763175907,0.997663021343803,28728,0,"not linked"
5.3305954825462,0.997663021343803,28354,0,"not linked"
5.33333333333333,0.997663021343803,28079,0,"not linked"
5.33607118412047,0.997663021343803,27841,0,"not linked"
5.3388090349076,0.997663021343803,27816,0,"not linked"
5.34154688569473,0.997663021343803,27765,0,"not linked"
5.34428473648186,0.997663021343803,27417,0,"not linked"
5.34702258726899,0.997663021343803,26956,0,"not linked"
5.34976043805613,0.997663021343803,26600,0,"not linked"
5.35249828884326,0.997663021343803,26285,0,"not linked"
5.35523613963039,0.997663021343803,25921,0,"not linked"
5.35797399041752,0.997663021343803,25895,0,"not linked"
5.36071184120465,0.997663021343803,25848,0,"not linked"
5.36344969199179,0.997663021343803,25584,0,"not linked"
5.36618754277892,0.997663021343803,25208,0,"not linked"
5.36892539356605,0.997663021343803,24895,0,"not linked"
5.37166324435318,0.997663021343803,24665,0,"not linked"
5.37440109514031,0.997663021343803,24558,0,"not linked"
5.37713894592745,0.997663021343803,24537,0,"not linked"
5.37987679671458,0.997663021343803,24499,0,"not linked"
5.38261464750171,0.997663021343803,24310,0,"not linked"
5.38535249828884,0.997663021343803,23651,0,"not linked"
5.38809034907598,0.997663021343803,23315,0,"not linked"
5.39082819986311,0.997663021343803,23010,0,"not linked"
5.39356605065024,0.997663021343803,22691,0,"not linked"
5.39630390143737,0.997663021343803,22659,0,"not linked"
5.3990417522245,0.997663021343803,22608,0,"not linked"
5.40177960301164,0.997663021343803,22265,0,"not linked"
5.40451745379877,0.997663021343803,21813,0,"not linked"
5.4072553045859,0.997663021343803,21490,0,"not linked"
5.40999315537303,0.997663021343803,21146,0,"not linked"
5.41273100616016,0.997663021343803,20866,0,"not linked"
5.4154688569473,0.997663021343803,20829,0,"not linked"
5.41820670773443,0.997663021343803,20779,0,"not linked"
5.42094455852156,0.997663021343803,20442,0,"not linked"
5.42368240930869,0.997663021343803,19946,0,"not linked"
5.42642026009583,0.997663021343803,19600,0,"not linked"
5.42915811088296,0.997663021343803,19305,0,"not linked"
5.43189596167009,0.997663021343803,19008,0,"not linked"
5.43463381245722,0.997663021343803,18983,0,"not linked"
5.43737166324435,0.997663021343803,18926,0,"not linked"
5.44010951403149,0.997663021343803,18633,0,"not linked"
5.44284736481862,0.997663021343803,18155,0,"not linked"
5.44558521560575,0.997663021343803,17833,0,"not linked"
5.44832306639288,0.997663021343803,17548,0,"not linked"
5.45106091718001,0.997663021343803,17229,0,"not linked"
5.45379876796715,0.997663021343803,17198,0,"not linked"
5.45653661875428,0.997663021343803,17137,0,"not linked"
5.45927446954141,0.997663021343803,16773,0,"not linked"
5.46201232032854,0.997663021343803,16299,0,"not linked"
5.46475017111567,0.997663021343803,15990,0,"not linked"
5.46748802190281,0.997663021343803,15726,0,"not linked"
5.47022587268994,0.997663021343803,15300,0,"not linked"
5.47296372347707,0.997663021343803,15223,0,"not linked"
5.4757015742642,0.997663021343803,15139,0,"not linked"
5.47843942505133,0.997663021343803,14753,0,"not linked"
5.48117727583847,0.997663021343803,14259,0,"not linked"
5.4839151266256,0.997663021343803,13934,0,"not linked"
5.48665297741273,0.997663021343803,13684,0,"not linked"
5.48939082819986,0.997663021343803,13429,0,"not linked"
5.492128678987,0.997663021343803,13383,0,"not linked"
5.49486652977413,0.997663021343803,13306,0,"not linked"
5.49760438056126,0.997663021343803,12905,0,"not linked"
5.50034223134839,0.997663021343803,12494,0,"not linked"
5.50308008213552,0.997663021343803,12179,0,"not linked"
5.50581793292266,0.997663021343803,11850,0,"not linked"
5.50855578370979,0.997663021343803,11653,0,"not linked"
5.51129363449692,0.997663021343803,11603,0,"not linked"
5.51403148528405,0.997663021343803,11563,0,"not linked"
5.51676933607118,0.997663021343803,11212,0,"not linked"
5.51950718685832,0.997663021343803,10791,0,"not linked"
5.52224503764545,0.997663021343803,10503,0,"not linked"
5.52498288843258,0.997663021343803,10190,0,"not linked"
5.52772073921971,0.997663021343803,9907,0,"not linked"
5.53045859000684,0.997663021343803,9865,0,"not linked"
5.53319644079398,0.997663021343803,9825,0,"not linked"
5.53593429158111,0.997663021343803,9509,0,"not linked"
5.53867214236824,0.997663021343803,9022,0,"not linked"
5.54140999315537,0.997663021343803,8650,0,"not linked"
5.5441478439425,0.997663021343803,8298,0,"not linked"
5.54688569472964,0.997663021343803,8011,0,"not linked"
5.54962354551677,0.997663021343803,7969,0,"not linked"
5.5523613963039,0.997663021343803,7908,0,"not linked"
5.55509924709103,0.997663021343803,7564,0,"not linked"
5.55783709787817,0.997663021343803,7047,0,"not linked"
5.5605749486653,0.997663021343803,6673,0,"not linked"
5.56331279945243,0.997663021343803,6394,0,"not linked"
5.56605065023956,0.997663021343803,6141,0,"not linked"
5.56878850102669,0.997663021343803,6113,0,"not linked"
5.57152635181383,0.997663021343803,6073,0,"not linked"
5.57426420260096,0.997663021343803,5649,0,"not linked"
5.57700205338809,0.997663021343803,5252,0,"not linked"
5.57973990417522,0.997663021343803,5001,0,"not linked"
5.58247775496235,0.997663021343803,4700,0,"not linked"
5.58521560574949,0.997663021343803,4432,0,"not linked"
5.58795345653662,0.997663021343803,4405,0,"not linked"
5.59069130732375,0.997663021343803,4355,0,"not linked"
5.59342915811088,0.997663021343803,3925,0,"not linked"
5.59616700889802,0.997663021343803,3476,0,"not linked"
5.59890485968515,0.997663021343803,2860,0,"not linked"
5.60164271047228,0.997663021343803,2202,0,"not linked"
5.60438056125941,0.997663021343803,1733,0,"not linked"
5.60711841204654,0.997663021343803,1709,0,"not linked"
5.60985626283368,0.997663021343803,1659,0,"not linked"
5.61259411362081,0.997663021343803,1172,0,"not linked"
5.61533196440794,0.997663021343803,914,0,"not linked"
5.61806981519507,0.997663021343803,695,0,"not linked"
5.6208076659822,0.997663021343803,545,0,"not linked"
5.62354551676934,0.997663021343803,316,0,"not linked"
5.62628336755647,0.997663021343803,297,0,"not linked"
5.6290212183436,0.997663021343803,278,0,"not linked"
0.177960301163587,0.999949217956531,19692,1,"bioRxiv-linked"
0.306639288158795,0.999898435913061,19691,1,"bioRxiv-linked"
0.91170431211499,0.999847653869592,19690,1,"bioRxiv-linked"
1.35249828884326,0.999796871826122,19689,1,"bioRxiv-linked"
1.63175906913073,0.999796871826122,19688,0,"bioRxiv-linked"
1.63449691991786,0.999796871826122,19681,0,"bioRxiv-linked"
1.63997262149213,0.999796871826122,19665,0,"bioRxiv-linked"
1.64271047227926,0.999796871826122,19661,0,"bioRxiv-linked"
1.64544832306639,0.999796871826122,19657,0,"bioRxiv-linked"
1.64818617385353,0.999796871826122,19652,0,"bioRxiv-linked"
1.65092402464066,0.999796871826122,19651,0,"bioRxiv-linked"
1.65366187542779,0.999796871826122,19647,0,"bioRxiv-linked"
1.65913757700205,0.999796871826122,19636,0,"bioRxiv-linked"
1.66187542778919,0.999796871826122,19634,0,"bioRxiv-linked"
1.66461327857632,0.999796871826122,19626,0,"bioRxiv-linked"
1.66735112936345,0.999796871826122,19618,0,"bioRxiv-linked"
1.67008898015058,0.999796871826122,19611,0,"bioRxiv-linked"
1.67282683093771,0.999796871826122,19605,0,"bioRxiv-linked"
1.67556468172485,0.999796871826122,19601,0,"bioRxiv-linked"
1.67830253251198,0.999796871826122,19600,0,"bioRxiv-linked"
1.68104038329911,0.999796871826122,19598,0,"bioRxiv-linked"
1.68377823408624,0.999796871826122,19594,0,"bioRxiv-linked"
1.68651608487337,0.999796871826122,19585,0,"bioRxiv-linked"
1.68925393566051,0.999796871826122,19574,0,"bioRxiv-linked"
1.69199178644764,0.999796871826122,19568,0,"bioRxiv-linked"
1.6974674880219,0.999796871826122,19557,0,"bioRxiv-linked"
1.70020533880904,0.999796871826122,19556,0,"bioRxiv-linked"
1.70294318959617,0.999796871826122,19542,0,"bioRxiv-linked"
1.7056810403833,0.999796871826122,19521,0,"bioRxiv-linked"
1.70841889117043,0.999796871826122,19504,0,"bioRxiv-linked"
1.71115674195756,0.999796871826122,19490,0,"bioRxiv-linked"
1.7138945927447,0.999796871826122,19474,0,"bioRxiv-linked"
1.71663244353183,0.999796871826122,19460,0,"bioRxiv-linked"
1.71937029431896,0.999796871826122,19452,0,"bioRxiv-linked"
1.72210814510609,0.999796871826122,19435,0,"bioRxiv-linked"
1.72484599589322,0.999796871826122,19419,0,"bioRxiv-linked"
1.72758384668036,0.999796871826122,19402,0,"bioRxiv-linked"
1.73032169746749,0.999796871826122,19387,0,"bioRxiv-linked"
1.73305954825462,0.999796871826122,19371,0,"bioRxiv-linked"
1.73579739904175,0.999796871826122,19367,0,"bioRxiv-linked"
1.73853524982888,0.999796871826122,19359,0,"bioRxiv-linked"
1.74127310061602,0.999796871826122,19338,0,"bioRxiv-linked"
1.74401095140315,0.999796871826122,19319,0,"bioRxiv-linked"
1.74674880219028,0.999796871826122,19292,0,"bioRxiv-linked"
1.74948665297741,0.999796871826122,19273,0,"bioRxiv-linked"
1.75222450376454,0.999796871826122,19262,0,"bioRxiv-linked"
1.75496235455168,0.999796871826122,19258,0,"bioRxiv-linked"
1.75770020533881,0.999796871826122,19246,0,"bioRxiv-linked"
1.76043805612594,0.999796871826122,19228,0,"bioRxiv-linked"
1.76317590691307,0.999796871826122,19206,0,"bioRxiv-linked"
1.76591375770021,0.999796871826122,19189,0,"bioRxiv-linked"
1.76865160848734,0.999796871826122,19170,0,"bioRxiv-linked"
1.7741273100616,0.999796871826122,19159,0,"bioRxiv-linked"
1.77686516084873,0.999796871826122,19153,0,"bioRxiv-linked"
1.77960301163587,0.999796871826122,19134,0,"bioRxiv-linked"
1.782340862423,0.999796871826122,19123,0,"bioRxiv-linked"
1.78507871321013,0.999796871826122,19102,0,"bioRxiv-linked"
1.78781656399726,0.999796871826122,19095,0,"bioRxiv-linked"
1.79055441478439,0.999796871826122,19087,0,"bioRxiv-linked"
1.79329226557153,0.999796871826122,19078,0,"bioRxiv-linked"
1.79603011635866,0.999796871826122,19075,0,"bioRxiv-linked"
1.79876796714579,0.999796871826122,19044,0,"bioRxiv-linked"
1.80150581793292,0.999796871826122,19034,0,"bioRxiv-linked"
1.80424366872005,0.999796871826122,19004,0,"bioRxiv-linked"
1.80698151950719,0.999796871826122,18986,0,"bioRxiv-linked"
1.81245722108145,0.999796871826122,18973,0,"bioRxiv-linked"
1.81519507186858,0.999796871826122,18964,0,"bioRxiv-linked"
1.81793292265572,0.999796871826122,18947,0,"bioRxiv-linked"
1.82067077344285,0.999796871826122,18925,0,"bioRxiv-linked"
1.82340862422998,0.999796871826122,18908,0,"bioRxiv-linked"
1.82614647501711,0.999796871826122,18889,0,"bioRxiv-linked"
1.82888432580424,0.999796871826122,18868,0,"bioRxiv-linked"
1.83162217659138,0.999796871826122,18867,0,"bioRxiv-linked"
1.83436002737851,0.999796871826122,18860,0,"bioRxiv-linked"
1.83709787816564,0.999796871826122,18834,0,"bioRxiv-linked"
1.83983572895277,0.999796871826122,18820,0,"bioRxiv-linked"
1.8425735797399,0.999796871826122,18808,0,"bioRxiv-linked"
1.84531143052704,0.999796871826122,18790,0,"bioRxiv-linked"
1.84804928131417,0.999796871826122,18769,0,"bioRxiv-linked"
1.8507871321013,0.999796871826122,18766,0,"bioRxiv-linked"
1.85352498288843,0.999796871826122,18763,0,"bioRxiv-linked"
1.85626283367556,0.999796871826122,18737,0,"bioRxiv-linked"
1.8590006844627,0.999796871826122,18717,0,"bioRxiv-linked"
1.86173853524983,0.999796871826122,18699,0,"bioRxiv-linked"
1.86447638603696,0.999796871826122,18685,0,"bioRxiv-linked"
1.86721423682409,0.999796871826122,18674,0,"bioRxiv-linked"
1.86995208761123,0.999796871826122,18669,0,"bioRxiv-linked"
1.87268993839836,0.999796871826122,18662,0,"bioRxiv-linked"
1.87542778918549,0.999796871826122,18647,0,"bioRxiv-linked"
1.87816563997262,0.999796871826122,18634,0,"bioRxiv-linked"
1.88090349075975,0.999796871826122,18623,0,"bioRxiv-linked"
1.88364134154689,0.999796871826122,18593,0,"bioRxiv-linked"
1.88637919233402,0.999796871826122,18576,0,"bioRxiv-linked"
1.88911704312115,0.999796871826122,18573,0,"bioRxiv-linked"
1.89185489390828,0.999796871826122,18563,0,"bioRxiv-linked"
1.89459274469541,0.999796871826122,18524,0,"bioRxiv-linked"
1.89733059548255,0.999796871826122,18512,0,"bioRxiv-linked"
1.90006844626968,0.999796871826122,18497,0,"bioRxiv-linked"
1.90280629705681,0.999796871826122,18491,0,"bioRxiv-linked"
1.91101984941821,0.999796871826122,18482,0,"bioRxiv-linked"
1.91375770020534,0.999796871826122,18470,0,"bioRxiv-linked"
1.91649555099247,0.999796871826122,18453,0,"bioRxiv-linked"
1.9192334017796,0.999796871826122,18431,0,"bioRxiv-linked"
1.92197125256674,0.999796871826122,18420,0,"bioRxiv-linked"
1.92470910335387,0.999796871826122,18403,0,"bioRxiv-linked"
1.927446954141,0.999796871826122,18401,0,"bioRxiv-linked"
1.93018480492813,0.999796871826122,18394,0,"bioRxiv-linked"
1.93292265571526,0.999796871826122,18373,0,"bioRxiv-linked"
1.9356605065024,0.999796871826122,18358,0,"bioRxiv-linked"
1.93839835728953,0.999796871826122,18335,0,"bioRxiv-linked"
1.94113620807666,0.999796871826122,18315,0,"bioRxiv-linked"
1.94387405886379,0.999796871826122,18301,0,"bioRxiv-linked"
1.94661190965092,0.999796871826122,18297,0,"bioRxiv-linked"
1.94934976043806,0.999796871826122,18292,0,"bioRxiv-linked"
1.95208761122519,0.999796871826122,18268,0,"bioRxiv-linked"
1.95482546201232,0.999796871826122,18254,0,"bioRxiv-linked"
1.95756331279945,0.999796871826122,18237,0,"bioRxiv-linked"
1.96030116358658,0.999796871826122,18223,0,"bioRxiv-linked"
1.96303901437372,0.999796871826122,18220,0,"bioRxiv-linked"
1.96577686516085,0.999796871826122,18198,0,"bioRxiv-linked"
1.96851471594798,0.999796871826122,18186,0,"bioRxiv-linked"
1.97125256673511,0.999796871826122,18170,0,"bioRxiv-linked"
1.97399041752225,0.999796871826122,18151,0,"bioRxiv-linked"
1.97672826830938,0.999796871826122,18132,0,"bioRxiv-linked"
1.97946611909651,0.999796871826122,18111,0,"bioRxiv-linked"
1.98220396988364,0.999796871826122,18098,0,"bioRxiv-linked"
1.98494182067077,0.999796871826122,18095,0,"bioRxiv-linked"
1.98767967145791,0.999796871826122,18086,0,"bioRxiv-linked"
1.99041752224504,0.999796871826122,18068,0,"bioRxiv-linked"
1.99315537303217,0.999796871826122,18050,0,"bioRxiv-linked"
1.9958932238193,0.999796871826122,18031,0,"bioRxiv-linked"
1.99863107460643,0.999796871826122,18009,0,"bioRxiv-linked"
2.00136892539357,0.999796871826122,17997,0,"bioRxiv-linked"
2.0041067761807,0.999796871826122,17995,0,"bioRxiv-linked"
2.00684462696783,0.999796871826122,17988,0,"bioRxiv-linked"
2.00958247775496,0.999796871826122,17974,0,"bioRxiv-linked"
2.01232032854209,0.999796871826122,17964,0,"bioRxiv-linked"
2.01505817932923,0.999796871826122,17956,0,"bioRxiv-linked"
2.01779603011636,0.999796871826122,17946,0,"bioRxiv-linked"
2.02053388090349,0.999796871826122,17941,0,"bioRxiv-linked"
2.02327173169062,0.999796871826122,17938,0,"bioRxiv-linked"
2.02600958247776,0.999796871826122,17937,0,"bioRxiv-linked"
2.02874743326489,0.999796871826122,17929,0,"bioRxiv-linked"
2.03148528405202,0.999796871826122,17924,0,"bioRxiv-linked"
2.03422313483915,0.999796871826122,17918,0,"bioRxiv-linked"
2.03696098562628,0.999796871826122,17913,0,"bioRxiv-linked"
2.03969883641342,0.999796871826122,17904,0,"bioRxiv-linked"
2.04243668720055,0.999796871826122,17903,0,"bioRxiv-linked"
2.04517453798768,0.999796871826122,17897,0,"bioRxiv-linked"
2.04791238877481,0.999796871826122,17891,0,"bioRxiv-linked"
2.05065023956194,0.999796871826122,17877,0,"bioRxiv-linked"
2.05338809034908,0.999796871826122,17854,0,"bioRxiv-linked"
2.05612594113621,0.999796871826122,17835,0,"bioRxiv-linked"
2.05886379192334,0.999796871826122,17824,0,"bioRxiv-linked"
2.06160164271047,0.999796871826122,17822,0,"bioRxiv-linked"
2.0643394934976,0.999796871826122,17813,0,"bioRxiv-linked"
2.06707734428474,0.999796871826122,17789,0,"bioRxiv-linked"
2.06981519507187,0.999796871826122,17774,0,"bioRxiv-linked"
2.072553045859,0.999796871826122,17759,0,"bioRxiv-linked"
2.07529089664613,0.999796871826122,17737,0,"bioRxiv-linked"
2.07802874743326,0.999796871826122,17723,0,"bioRxiv-linked"
2.0807665982204,0.999796871826122,17722,0,"bioRxiv-linked"
2.08350444900753,0.999796871826122,17716,0,"bioRxiv-linked"
2.08624229979466,0.999796871826122,17701,0,"bioRxiv-linked"
2.08898015058179,0.999796871826122,17686,0,"bioRxiv-linked"
2.09171800136893,0.999796871826122,17665,0,"bioRxiv-linked"
2.09445585215606,0.999796871826122,17646,0,"bioRxiv-linked"
2.09719370294319,0.999796871826122,17638,0,"bioRxiv-linked"
2.09993155373032,0.999796871826122,17637,0,"bioRxiv-linked"
2.10266940451745,0.999796871826122,17633,0,"bioRxiv-linked"
2.10540725530459,0.999796871826122,17623,0,"bioRxiv-linked"
2.10814510609172,0.999796871826122,17618,0,"bioRxiv-linked"
2.11088295687885,0.999796871826122,17613,0,"bioRxiv-linked"
2.11362080766598,0.999796871826122,17603,0,"bioRxiv-linked"
2.11635865845311,0.999796871826122,17601,0,"bioRxiv-linked"
2.11909650924025,0.999796871826122,17600,0,"bioRxiv-linked"
2.12183436002738,0.999796871826122,17596,0,"bioRxiv-linked"
2.12457221081451,0.999796871826122,17590,0,"bioRxiv-linked"
2.12731006160164,0.999796871826122,17586,0,"bioRxiv-linked"
2.13004791238877,0.999796871826122,17565,0,"bioRxiv-linked"
2.13278576317591,0.999796871826122,17546,0,"bioRxiv-linked"
2.13552361396304,0.999796871826122,17515,0,"bioRxiv-linked"
2.13826146475017,0.999796871826122,17513,0,"bioRxiv-linked"
2.1409993155373,0.999796871826122,17502,0,"bioRxiv-linked"
2.14373716632444,0.999796871826122,17480,0,"bioRxiv-linked"
2.14647501711157,0.999796871826122,17469,0,"bioRxiv-linked"
2.1492128678987,0.999796871826122,17448,0,"bioRxiv-linked"
2.15195071868583,0.999796871826122,17427,0,"bioRxiv-linked"
2.1574264202601,0.999796871826122,17421,0,"bioRxiv-linked"
2.16016427104723,0.999796871826122,17413,0,"bioRxiv-linked"
2.16290212183436,0.999796871826122,17397,0,"bioRxiv-linked"
2.16563997262149,0.999796871826122,17377,0,"bioRxiv-linked"
2.16837782340862,0.999796871826122,17352,0,"bioRxiv-linked"
2.17111567419576,0.999796871826122,17335,0,"bioRxiv-linked"
2.17659137577002,0.999796871826122,17329,0,"bioRxiv-linked"
2.17932922655715,0.999796871826122,17324,0,"bioRxiv-linked"
2.18206707734428,0.999796871826122,17303,0,"bioRxiv-linked"
2.18480492813142,0.999796871826122,17287,0,"bioRxiv-linked"
2.18754277891855,0.999796871826122,17270,0,"bioRxiv-linked"
2.19028062970568,0.999796871826122,17252,0,"bioRxiv-linked"
2.19301848049281,0.999796871826122,17244,0,"bioRxiv-linked"
2.19575633127995,0.999796871826122,17242,0,"bioRxiv-linked"
2.19849418206708,0.999796871826122,17237,0,"bioRxiv-linked"
2.20123203285421,0.999796871826122,17211,0,"bioRxiv-linked"
2.20396988364134,0.999796871826122,17198,0,"bioRxiv-linked"
2.20670773442847,0.999796871826122,17185,0,"bioRxiv-linked"
2.20944558521561,0.999796871826122,17179,0,"bioRxiv-linked"
2.21492128678987,0.999796871826122,17174,0,"bioRxiv-linked"
2.217659137577,0.999796871826122,17165,0,"bioRxiv-linked"
2.22313483915127,0.999796871826122,17164,0,"bioRxiv-linked"
2.23956194387406,0.999796871826122,17163,0,"bioRxiv-linked"
2.24229979466119,0.999796871826122,17162,0,"bioRxiv-linked"
2.24503764544832,0.999796871826122,17150,0,"bioRxiv-linked"
2.24777549623546,0.999796871826122,17139,0,"bioRxiv-linked"
2.25598904859685,0.999796871826122,17135,0,"bioRxiv-linked"
2.25872689938398,0.999796871826122,17134,0,"bioRxiv-linked"
2.26146475017112,0.999796871826122,17133,0,"bioRxiv-linked"
2.26420260095825,0.999796871826122,17130,0,"bioRxiv-linked"
2.26694045174538,0.999796871826122,17128,0,"bioRxiv-linked"
2.27515400410678,0.999796871826122,17127,0,"bioRxiv-linked"
2.2861054072553,0.999796871826122,17124,0,"bioRxiv-linked"
2.2943189596167,0.999796871826122,17123,0,"bioRxiv-linked"
2.29705681040383,0.999796871826122,17106,0,"bioRxiv-linked"
2.29979466119096,0.999796871826122,17097,0,"bioRxiv-linked"
2.3025325119781,0.999796871826122,17082,0,"bioRxiv-linked"
2.30527036276523,0.999796871826122,17068,0,"bioRxiv-linked"
2.31074606433949,0.999796871826122,17053,0,"bioRxiv-linked"
2.31348391512663,0.999796871826122,17047,0,"bioRxiv-linked"
2.31622176591376,0.999796871826122,17037,0,"bioRxiv-linked"
2.31895961670089,0.999796871826122,17009,0,"bioRxiv-linked"
2.32169746748802,0.999796871826122,16996,0,"bioRxiv-linked"
2.32443531827515,0.999796871826122,16983,0,"bioRxiv-linked"
2.32717316906229,0.999737963219486,16972,1,"bioRxiv-linked"
2.32991101984942,0.999737963219486,16970,0,"bioRxiv-linked"
2.33264887063655,0.999737963219486,16960,0,"bioRxiv-linked"
2.33538672142368,0.999737963219486,16956,0,"bioRxiv-linked"
2.33812457221081,0.999737963219486,16935,0,"bioRxiv-linked"
2.34086242299795,0.999737963219486,16924,0,"bioRxiv-linked"
2.34360027378508,0.999737963219486,16908,0,"bioRxiv-linked"
2.34907597535934,0.999737963219486,16897,0,"bioRxiv-linked"
2.35181382614648,0.999737963219486,16894,0,"bioRxiv-linked"
2.35455167693361,0.999737963219486,16870,0,"bioRxiv-linked"
2.35728952772074,0.999737963219486,16856,0,"bioRxiv-linked"
2.36002737850787,0.999737963219486,16840,0,"bioRxiv-linked"
2.362765229295,0.999737963219486,16831,0,"bioRxiv-linked"
2.36550308008214,0.999737963219486,16821,0,"bioRxiv-linked"
2.36824093086927,0.999737963219486,16820,0,"bioRxiv-linked"
2.3709787816564,0.999737963219486,16813,0,"bioRxiv-linked"
2.37371663244353,0.999737963219486,16795,0,"bioRxiv-linked"
2.37645448323066,0.999737963219486,16779,0,"bioRxiv-linked"
2.3791923340178,0.999737963219486,16763,0,"bioRxiv-linked"
2.38193018480493,0.999737963219486,16750,0,"bioRxiv-linked"
2.38466803559206,0.999737963219486,16731,0,"bioRxiv-linked"
2.38740588637919,0.999737963219486,16729,0,"bioRxiv-linked"
2.39014373716632,0.999737963219486,16722,0,"bioRxiv-linked"
2.39288158795346,0.999737963219486,16707,0,"bioRxiv-linked"
2.39561943874059,0.999737963219486,16684,0,"bioRxiv-linked"
2.39835728952772,0.999737963219486,16659,0,"bioRxiv-linked"
2.40109514031485,0.999737963219486,16643,0,"bioRxiv-linked"
2.40383299110198,0.999737963219486,16634,0,"bioRxiv-linked"
2.40657084188912,0.999737963219486,16630,0,"bioRxiv-linked"
2.40930869267625,0.999737963219486,16622,0,"bioRxiv-linked"
2.41204654346338,0.999737963219486,16609,0,"bioRxiv-linked"
2.41478439425051,0.999737963219486,16578,0,"bioRxiv-linked"
2.41752224503765,0.999737963219486,16547,0,"bioRxiv-linked"
2.42026009582478,0.999737963219486,16536,0,"bioRxiv-linked"
2.42299794661191,0.999737963219486,16526,0,"bioRxiv-linked"
2.42573579739904,0.999737963219486,16524,0,"bioRxiv-linked"
2.42847364818617,0.999737963219486,16515,0,"bioRxiv-linked"
2.43121149897331,0.999737963219486,16503,0,"bioRxiv-linked"
2.43394934976044,0.999737963219486,16490,0,"bioRxiv-linked"
2.43668720054757,0.999737963219486,16478,0,"bioRxiv-linked"
2.4394250513347,0.999737963219486,16469,0,"bioRxiv-linked"
2.44216290212183,0.999737963219486,16455,0,"bioRxiv-linked"
2.44490075290897,0.999737963219486,16454,0,"bioRxiv-linked"
2.4476386036961,0.999737963219486,16452,0,"bioRxiv-linked"
2.45037645448323,0.999737963219486,16447,0,"bioRxiv-linked"
2.45311430527036,0.999737963219486,16439,0,"bioRxiv-linked"
2.4558521560575,0.999737963219486,16426,0,"bioRxiv-linked"
2.45859000684463,0.999737963219486,16419,0,"bioRxiv-linked"
2.46132785763176,0.999737963219486,16409,0,"bioRxiv-linked"
2.46406570841889,0.999737963219486,16408,0,"bioRxiv-linked"
2.46680355920602,0.999737963219486,16405,0,"bioRxiv-linked"
2.46954140999316,0.999737963219486,16379,0,"bioRxiv-linked"
2.47227926078029,0.999737963219486,16367,0,"bioRxiv-linked"
2.47501711156742,0.999737963219486,16345,0,"bioRxiv-linked"
2.47775496235455,0.999737963219486,16330,0,"bioRxiv-linked"
2.48323066392882,0.999737963219486,16325,0,"bioRxiv-linked"
2.48596851471595,0.999737963219486,16320,0,"bioRxiv-linked"
2.48870636550308,0.999737963219486,16305,0,"bioRxiv-linked"
2.49144421629021,0.999737963219486,16294,0,"bioRxiv-linked"
2.49418206707734,0.999737963219486,16273,0,"bioRxiv-linked"
2.49691991786448,0.999737963219486,16249,0,"bioRxiv-linked"
2.49965776865161,0.999737963219486,16238,0,"bioRxiv-linked"
2.50239561943874,0.999737963219486,16236,0,"bioRxiv-linked"
2.50513347022587,0.999737963219486,16229,0,"bioRxiv-linked"
2.507871321013,0.999737963219486,16212,0,"bioRxiv-linked"
2.51060917180014,0.999737963219486,16197,0,"bioRxiv-linked"
2.51334702258727,0.999737963219486,16183,0,"bioRxiv-linked"
2.5160848733744,0.999737963219486,16168,0,"bioRxiv-linked"
2.52156057494867,0.999737963219486,16161,0,"bioRxiv-linked"
2.5242984257358,0.999737963219486,16154,0,"bioRxiv-linked"
2.52703627652293,0.999737963219486,16138,0,"bioRxiv-linked"
2.52977412731006,0.999737963219486,16119,0,"bioRxiv-linked"
2.53251197809719,0.999737963219486,16090,0,"bioRxiv-linked"
2.53524982888433,0.999737963219486,16077,0,"bioRxiv-linked"
2.53798767967146,0.999737963219486,16067,0,"bioRxiv-linked"
2.54072553045859,0.999737963219486,16066,0,"bioRxiv-linked"
2.54346338124572,0.999737963219486,16061,0,"bioRxiv-linked"
2.54620123203285,0.999737963219486,16050,0,"bioRxiv-linked"
2.54893908281999,0.999737963219486,16019,0,"bioRxiv-linked"
2.55167693360712,0.999737963219486,16000,0,"bioRxiv-linked"
2.55441478439425,0.999737963219486,15985,0,"bioRxiv-linked"
2.55989048596851,0.999737963219486,15968,0,"bioRxiv-linked"
2.56262833675565,0.999737963219486,15963,0,"bioRxiv-linked"
2.56536618754278,0.999737963219486,15952,0,"bioRxiv-linked"
2.56810403832991,0.999737963219486,15936,0,"bioRxiv-linked"
2.57084188911704,0.999737963219486,15921,0,"bioRxiv-linked"
2.57357973990418,0.999737963219486,15904,0,"bioRxiv-linked"
2.57631759069131,0.999737963219486,15893,0,"bioRxiv-linked"
2.57905544147844,0.999737963219486,15891,0,"bioRxiv-linked"
2.58179329226557,0.999737963219486,15885,0,"bioRxiv-linked"
2.5845311430527,0.999737963219486,15863,0,"bioRxiv-linked"
2.58726899383984,0.999737963219486,15844,0,"bioRxiv-linked"
2.59000684462697,0.999737963219486,15826,0,"bioRxiv-linked"
2.5927446954141,0.999737963219486,15814,0,"bioRxiv-linked"
2.59548254620123,0.999737963219486,15807,0,"bioRxiv-linked"
2.59822039698836,0.999737963219486,15804,0,"bioRxiv-linked"
2.6009582477755,0.999737963219486,15801,0,"bioRxiv-linked"
2.60369609856263,0.999737963219486,15784,0,"bioRxiv-linked"
2.60643394934976,0.999737963219486,15773,0,"bioRxiv-linked"
2.60917180013689,0.999737963219486,15761,0,"bioRxiv-linked"
2.61190965092402,0.999737963219486,15749,0,"bioRxiv-linked"
2.61464750171116,0.999737963219486,15734,0,"bioRxiv-linked"
2.61738535249829,0.999737963219486,15733,0,"bioRxiv-linked"
2.62012320328542,0.999737963219486,15724,0,"bioRxiv-linked"
2.62286105407255,0.999737963219486,15705,0,"bioRxiv-linked"
2.62559890485969,0.999737963219486,15688,0,"bioRxiv-linked"
2.62833675564682,0.999737963219486,15669,0,"bioRxiv-linked"
2.63107460643395,0.999737963219486,15652,0,"bioRxiv-linked"
2.63655030800821,0.999737963219486,15613,0,"bioRxiv-linked"
2.63928815879535,0.999737963219486,15612,0,"bioRxiv-linked"
2.64202600958248,0.999737963219486,15607,0,"bioRxiv-linked"
2.64476386036961,0.999737963219486,15601,0,"bioRxiv-linked"
2.64750171115674,0.999737963219486,15596,0,"bioRxiv-linked"
2.65845311430527,0.999737963219486,15593,0,"bioRxiv-linked"
2.6611909650924,0.999737963219486,15584,0,"bioRxiv-linked"
2.66392881587953,0.999737963219486,15573,0,"bioRxiv-linked"
2.66666666666667,0.999737963219486,15560,0,"bioRxiv-linked"
2.6694045174538,0.999737963219486,15548,0,"bioRxiv-linked"
2.67488021902806,0.999737963219486,15533,0,"bioRxiv-linked"
2.6776180698152,0.999737963219486,15531,0,"bioRxiv-linked"
2.68035592060233,0.999737963219486,15511,0,"bioRxiv-linked"
2.68309377138946,0.999737963219486,15488,0,"bioRxiv-linked"
2.68583162217659,0.999737963219486,15467,0,"bioRxiv-linked"
2.68856947296372,0.999737963219486,15452,0,"bioRxiv-linked"
2.69130732375086,0.999737963219486,15434,0,"bioRxiv-linked"
2.69404517453799,0.999737963219486,15432,0,"bioRxiv-linked"
2.69678302532512,0.999737963219486,15428,0,"bioRxiv-linked"
2.69952087611225,0.999737963219486,15407,0,"bioRxiv-linked"
2.70225872689938,0.999737963219486,15390,0,"bioRxiv-linked"
2.70499657768652,0.999737963219486,15372,0,"bioRxiv-linked"
2.70773442847365,0.999737963219486,15359,0,"bioRxiv-linked"
2.71047227926078,0.999672812488745,15345,1,"bioRxiv-linked"
2.71321013004791,0.999672812488745,15344,0,"bioRxiv-linked"
2.71594798083504,0.999672812488745,15336,0,"bioRxiv-linked"
2.71868583162218,0.999672812488745,15301,0,"bioRxiv-linked"
2.72142368240931,0.999672812488745,15278,0,"bioRxiv-linked"
2.72416153319644,0.999672812488745,15262,0,"bioRxiv-linked"
2.72689938398357,0.999672812488745,15250,0,"bioRxiv-linked"
2.7296372347707,0.999672812488745,15227,0,"bioRxiv-linked"
2.73237508555784,0.999672812488745,15226,0,"bioRxiv-linked"
2.73511293634497,0.999672812488745,15224,0,"bioRxiv-linked"
2.7378507871321,0.999672812488745,15211,0,"bioRxiv-linked"
2.74058863791923,0.999672812488745,15199,0,"bioRxiv-linked"
2.74332648870637,0.999672812488745,15180,0,"bioRxiv-linked"
2.7460643394935,0.999672812488745,15157,0,"bioRxiv-linked"
2.75154004106776,0.999672812488745,15143,0,"bioRxiv-linked"
2.75427789185489,0.999672812488745,15129,0,"bioRxiv-linked"
2.75701574264203,0.999672812488745,15118,0,"bioRxiv-linked"
2.75975359342916,0.999672812488745,15100,0,"bioRxiv-linked"
2.76249144421629,0.999672812488745,15086,0,"bioRxiv-linked"
2.76522929500342,0.999672812488745,15075,0,"bioRxiv-linked"
2.77070499657769,0.999672812488745,15057,0,"bioRxiv-linked"
2.77344284736482,0.999672812488745,15049,0,"bioRxiv-linked"
2.77618069815195,0.999672812488745,15029,0,"bioRxiv-linked"
2.77891854893908,0.999672812488745,15012,0,"bioRxiv-linked"
2.78165639972621,0.999672812488745,14985,0,"bioRxiv-linked"
2.78439425051335,0.999672812488745,14975,0,"bioRxiv-linked"
2.78986995208761,0.999672812488745,14956,0,"bioRxiv-linked"
2.79260780287474,0.999672812488745,14949,0,"bioRxiv-linked"
2.79534565366188,0.999672812488745,14932,0,"bioRxiv-linked"
2.79808350444901,0.999672812488745,14905,0,"bioRxiv-linked"
2.80082135523614,0.999672812488745,14874,0,"bioRxiv-linked"
2.80355920602327,0.999672812488745,14856,0,"bioRxiv-linked"
2.8062970568104,0.999672812488745,14842,0,"bioRxiv-linked"
2.80903490759754,0.999672812488745,14840,0,"bioRxiv-linked"
2.81177275838467,0.999672812488745,14829,0,"bioRxiv-linked"
2.8145106091718,0.999672812488745,14811,0,"bioRxiv-linked"
2.81724845995893,0.999672812488745,14792,0,"bioRxiv-linked"
2.81998631074606,0.999672812488745,14778,0,"bioRxiv-linked"
2.8227241615332,0.999672812488745,14758,0,"bioRxiv-linked"
2.82819986310746,0.999672812488745,14747,0,"bioRxiv-linked"
2.83093771389459,0.999672812488745,14743,0,"bioRxiv-linked"
2.83367556468172,0.999672812488745,14731,0,"bioRxiv-linked"
2.83641341546886,0.999672812488745,14717,0,"bioRxiv-linked"
2.83915126625599,0.999672812488745,14700,0,"bioRxiv-linked"
2.84188911704312,0.999672812488745,14685,0,"bioRxiv-linked"
2.84736481861739,0.999672812488745,14673,0,"bioRxiv-linked"
2.85010266940452,0.999672812488745,14664,0,"bioRxiv-linked"
2.85284052019165,0.999672812488745,14653,0,"bioRxiv-linked"
2.85557837097878,0.999672812488745,14630,0,"bioRxiv-linked"
2.85831622176591,0.999672812488745,14615,0,"bioRxiv-linked"
2.86105407255305,0.999672812488745,14606,0,"bioRxiv-linked"
2.86379192334018,0.999672812488745,14595,0,"bioRxiv-linked"
2.86652977412731,0.999672812488745,14593,0,"bioRxiv-linked"
2.86926762491444,0.999672812488745,14590,0,"bioRxiv-linked"
2.87200547570157,0.999672812488745,14575,0,"bioRxiv-linked"
2.87474332648871,0.999672812488745,14567,0,"bioRxiv-linked"
2.87748117727584,0.999672812488745,14547,0,"bioRxiv-linked"
2.88021902806297,0.999672812488745,14542,0,"bioRxiv-linked"
2.8829568788501,0.999672812488745,14534,0,"bioRxiv-linked"
2.88569472963723,0.999672812488745,14524,0,"bioRxiv-linked"
2.88843258042437,0.999672812488745,14519,0,"bioRxiv-linked"
2.8911704312115,0.999672812488745,14508,0,"bioRxiv-linked"
2.89390828199863,0.999672812488745,14498,0,"bioRxiv-linked"
2.89664613278576,0.999672812488745,14481,0,"bioRxiv-linked"
2.8993839835729,0.999672812488745,14466,0,"bioRxiv-linked"
2.90485968514716,0.999672812488745,14459,0,"bioRxiv-linked"
2.90759753593429,0.999672812488745,14455,0,"bioRxiv-linked"
2.91033538672142,0.999672812488745,14437,0,"bioRxiv-linked"
2.91307323750856,0.999672812488745,14425,0,"bioRxiv-linked"
2.91581108829569,0.999672812488745,14411,0,"bioRxiv-linked"
2.91854893908282,0.999672812488745,14399,0,"bioRxiv-linked"
2.92128678986995,0.999672812488745,14387,0,"bioRxiv-linked"
2.92402464065708,0.999672812488745,14385,0,"bioRxiv-linked"
2.92676249144422,0.999672812488745,14375,0,"bioRxiv-linked"
2.92950034223135,0.999672812488745,14362,0,"bioRxiv-linked"
2.93223819301848,0.999672812488745,14349,0,"bioRxiv-linked"
2.93497604380561,0.999672812488745,14325,0,"bioRxiv-linked"
2.93771389459274,0.999672812488745,14315,0,"bioRxiv-linked"
2.94318959616701,0.999672812488745,14308,0,"bioRxiv-linked"
2.94592744695414,0.999672812488745,14299,0,"bioRxiv-linked"
2.94866529774127,0.999672812488745,14288,0,"bioRxiv-linked"
2.95140314852841,0.999672812488745,14278,0,"bioRxiv-linked"
2.95414099931554,0.999672812488745,14261,0,"bioRxiv-linked"
2.95687885010267,0.999672812488745,14246,0,"bioRxiv-linked"
2.9596167008898,0.999672812488745,14239,0,"bioRxiv-linked"
2.96235455167693,0.999672812488745,14238,0,"bioRxiv-linked"
2.96509240246407,0.999672812488745,14235,0,"bioRxiv-linked"
2.9678302532512,0.999672812488745,14208,0,"bioRxiv-linked"
2.97056810403833,0.999672812488745,14199,0,"bioRxiv-linked"
2.97330595482546,0.999672812488745,14191,0,"bioRxiv-linked"
2.97604380561259,0.999672812488745,14180,0,"bioRxiv-linked"
2.98151950718686,0.999672812488745,14169,0,"bioRxiv-linked"
2.98425735797399,0.999672812488745,14161,0,"bioRxiv-linked"
2.98699520876112,0.999672812488745,14142,0,"bioRxiv-linked"
2.98973305954825,0.999672812488745,14121,0,"bioRxiv-linked"
2.99247091033539,0.999672812488745,14106,0,"bioRxiv-linked"
2.99520876112252,0.999672812488745,14093,0,"bioRxiv-linked"
2.99794661190965,0.999672812488745,14080,0,"bioRxiv-linked"
3.00068446269678,0.999672812488745,14079,0,"bioRxiv-linked"
3.00342231348392,0.999672812488745,14070,0,"bioRxiv-linked"
3.00616016427105,0.999672812488745,14063,0,"bioRxiv-linked"
3.00889801505818,0.999672812488745,14048,0,"bioRxiv-linked"
3.01163586584531,0.999672812488745,14031,0,"bioRxiv-linked"
3.01437371663244,0.999672812488745,14017,0,"bioRxiv-linked"
3.01984941820671,0.999672812488745,14012,0,"bioRxiv-linked"
3.02258726899384,0.999672812488745,14004,0,"bioRxiv-linked"
3.02532511978097,0.999672812488745,13997,0,"bioRxiv-linked"
3.0280629705681,0.999672812488745,13980,0,"bioRxiv-linked"
3.03080082135524,0.999672812488745,13955,0,"bioRxiv-linked"
3.03353867214237,0.999672812488745,13946,0,"bioRxiv-linked"
3.03901437371663,0.999672812488745,13939,0,"bioRxiv-linked"
3.04175222450376,0.999672812488745,13933,0,"bioRxiv-linked"
3.0444900752909,0.999672812488745,13926,0,"bioRxiv-linked"
3.04722792607803,0.999672812488745,13914,0,"bioRxiv-linked"
3.04996577686516,0.999672812488745,13895,0,"bioRxiv-linked"
3.05270362765229,0.999672812488745,13863,0,"bioRxiv-linked"
3.05544147843943,0.999672812488745,13852,0,"bioRxiv-linked"
3.05817932922656,0.999672812488745,13850,0,"bioRxiv-linked"
3.06091718001369,0.999672812488745,13844,0,"bioRxiv-linked"
3.06365503080082,0.999672812488745,13834,0,"bioRxiv-linked"
3.06639288158795,0.999672812488745,13821,0,"bioRxiv-linked"
3.06913073237509,0.999672812488745,13807,0,"bioRxiv-linked"
3.07186858316222,0.999672812488745,13792,0,"bioRxiv-linked"
3.07460643394935,0.999672812488745,13776,0,"bioRxiv-linked"
3.07734428473648,0.999672812488745,13775,0,"bioRxiv-linked"
3.08008213552361,0.999672812488745,13770,0,"bioRxiv-linked"
3.08281998631075,0.999672812488745,13754,0,"bioRxiv-linked"
3.08555783709788,0.999672812488745,13731,0,"bioRxiv-linked"
3.08829568788501,0.999672812488745,13703,0,"bioRxiv-linked"
3.09103353867214,0.999672812488745,13686,0,"bioRxiv-linked"
3.09377138945927,0.999672812488745,13676,0,"bioRxiv-linked"
3.09650924024641,0.999672812488745,13674,0,"bioRxiv-linked"
3.09924709103354,0.999672812488745,13668,0,"bioRxiv-linked"
3.10198494182067,0.999672812488745,13655,0,"bioRxiv-linked"
3.1047227926078,0.999672812488745,13633,0,"bioRxiv-linked"
3.10746064339493,0.999672812488745,13620,0,"bioRxiv-linked"
3.11019849418207,0.999672812488745,13606,0,"bioRxiv-linked"
3.1129363449692,0.999672812488745,13590,0,"bioRxiv-linked"
3.11567419575633,0.999672812488745,13587,0,"bioRxiv-linked"
3.11841204654346,0.999672812488745,13581,0,"bioRxiv-linked"
3.1211498973306,0.999672812488745,13554,0,"bioRxiv-linked"
3.12388774811773,0.999672812488745,13541,0,"bioRxiv-linked"
3.12662559890486,0.999672812488745,13525,0,"bioRxiv-linked"
3.12936344969199,0.999672812488745,13514,0,"bioRxiv-linked"
3.13483915126626,0.999672812488745,13506,0,"bioRxiv-linked"
3.13757700205339,0.999672812488745,13484,0,"bioRxiv-linked"
3.14031485284052,0.999672812488745,13466,0,"bioRxiv-linked"
3.14305270362765,0.999672812488745,13444,0,"bioRxiv-linked"
3.14579055441478,0.999672812488745,13424,0,"bioRxiv-linked"
3.14852840520192,0.999672812488745,13414,0,"bioRxiv-linked"
3.15126625598905,0.999672812488745,13403,0,"bioRxiv-linked"
3.15400410677618,0.999672812488745,13401,0,"bioRxiv-linked"
3.15674195756331,0.999672812488745,13396,0,"bioRxiv-linked"
3.15947980835044,0.999672812488745,13378,0,"bioRxiv-linked"
3.16221765913758,0.999672812488745,13368,0,"bioRxiv-linked"
3.16495550992471,0.999672812488745,13360,0,"bioRxiv-linked"
3.16769336071184,0.999672812488745,13355,0,"bioRxiv-linked"
3.17043121149897,0.999672812488745,13350,0,"bioRxiv-linked"
3.17316906228611,0.999672812488745,13349,0,"bioRxiv-linked"
3.17590691307324,0.999672812488745,13346,0,"bioRxiv-linked"
3.17864476386037,0.999672812488745,13337,0,"bioRxiv-linked"
3.1813826146475,0.999672812488745,13327,0,"bioRxiv-linked"
3.18412046543463,0.999672812488745,13301,0,"bioRxiv-linked"
3.18685831622177,0.999672812488745,13284,0,"bioRxiv-linked"
3.19233401779603,0.999672812488745,13273,0,"bioRxiv-linked"
3.19507186858316,0.999672812488745,13270,0,"bioRxiv-linked"
3.19780971937029,0.999672812488745,13249,0,"bioRxiv-linked"
3.20054757015743,0.999672812488745,13227,0,"bioRxiv-linked"
3.20328542094456,0.999672812488745,13204,0,"bioRxiv-linked"
3.20602327173169,0.999672812488745,13196,0,"bioRxiv-linked"
3.20876112251882,0.999672812488745,13191,0,"bioRxiv-linked"
3.21149897330595,0.999672812488745,13190,0,"bioRxiv-linked"
3.21423682409309,0.999672812488745,13187,0,"bioRxiv-linked"
3.21697467488022,0.999672812488745,13182,0,"bioRxiv-linked"
3.21971252566735,0.999672812488745,13154,0,"bioRxiv-linked"
3.22245037645448,0.999672812488745,13144,0,"bioRxiv-linked"
3.22518822724162,0.999672812488745,13139,0,"bioRxiv-linked"
3.23066392881588,0.999672812488745,13132,0,"bioRxiv-linked"
3.23340177960301,0.999672812488745,13129,0,"bioRxiv-linked"
3.23613963039014,0.999672812488745,13121,0,"bioRxiv-linked"
3.23887748117728,0.999672812488745,13117,0,"bioRxiv-linked"
3.24161533196441,0.999672812488745,13106,0,"bioRxiv-linked"
3.24435318275154,0.999672812488745,13094,0,"bioRxiv-linked"
3.24709103353867,0.999672812488745,13081,0,"bioRxiv-linked"
3.2498288843258,0.999672812488745,13079,0,"bioRxiv-linked"
3.25256673511294,0.999672812488745,13077,0,"bioRxiv-linked"
3.25530458590007,0.999672812488745,13070,0,"bioRxiv-linked"
3.2580424366872,0.999672812488745,13060,0,"bioRxiv-linked"
3.26078028747433,0.999672812488745,13054,0,"bioRxiv-linked"
3.26351813826146,0.999672812488745,13043,0,"bioRxiv-linked"
3.26899383983573,0.999672812488745,13036,0,"bioRxiv-linked"
3.27173169062286,0.999672812488745,13031,0,"bioRxiv-linked"
3.27446954140999,0.999672812488745,13023,0,"bioRxiv-linked"
3.27720739219713,0.999672812488745,13003,0,"bioRxiv-linked"
3.27994524298426,0.999672812488745,12982,0,"bioRxiv-linked"
3.28268309377139,0.999672812488745,12963,0,"bioRxiv-linked"
3.28542094455852,0.999672812488745,12948,0,"bioRxiv-linked"
3.28815879534565,0.999672812488745,12944,0,"bioRxiv-linked"
3.29089664613279,0.999672812488745,12932,0,"bioRxiv-linked"
3.29363449691992,0.999672812488745,12917,0,"bioRxiv-linked"
3.29637234770705,0.999672812488745,12902,0,"bioRxiv-linked"
3.29911019849418,0.999672812488745,12888,0,"bioRxiv-linked"
3.30184804928131,0.999672812488745,12886,0,"bioRxiv-linked"
3.30458590006845,0.999672812488745,12852,0,"bioRxiv-linked"
3.30732375085558,0.999672812488745,12851,0,"bioRxiv-linked"
3.31006160164271,0.999672812488745,12848,0,"bioRxiv-linked"
3.31279945242984,0.999672812488745,12841,0,"bioRxiv-linked"
3.31553730321697,0.999672812488745,12832,0,"bioRxiv-linked"
3.31827515400411,0.999672812488745,12816,0,"bioRxiv-linked"
3.32101300479124,0.999672812488745,12810,0,"bioRxiv-linked"
3.32375085557837,0.999672812488745,12803,0,"bioRxiv-linked"
3.3264887063655,0.999672812488745,12801,0,"bioRxiv-linked"
3.32922655715264,0.999672812488745,12800,0,"bioRxiv-linked"
3.33196440793977,0.999672812488745,12792,0,"bioRxiv-linked"
3.3347022587269,0.999672812488745,12785,0,"bioRxiv-linked"
3.33744010951403,0.999672812488745,12771,0,"bioRxiv-linked"
3.34017796030116,0.999672812488745,12764,0,"bioRxiv-linked"
3.34565366187543,0.999672812488745,12758,0,"bioRxiv-linked"
3.34839151266256,0.999672812488745,12753,0,"bioRxiv-linked"
3.35112936344969,0.999672812488745,12741,0,"bioRxiv-linked"
3.35386721423682,0.999672812488745,12721,0,"bioRxiv-linked"
3.35660506502396,0.999672812488745,12707,0,"bioRxiv-linked"
3.35934291581109,0.999672812488745,12697,0,"bioRxiv-linked"
3.36481861738535,0.999672812488745,12683,0,"bioRxiv-linked"
3.36755646817248,0.999672812488745,12673,0,"bioRxiv-linked"
3.37029431895962,0.999672812488745,12661,0,"bioRxiv-linked"
3.37303216974675,0.999672812488745,12647,0,"bioRxiv-linked"
3.37577002053388,0.999672812488745,12638,0,"bioRxiv-linked"
3.37850787132101,0.999672812488745,12635,0,"bioRxiv-linked"
3.38398357289528,0.999672812488745,12623,0,"bioRxiv-linked"
3.38672142368241,0.999672812488745,12603,0,"bioRxiv-linked"
3.38945927446954,0.999672812488745,12597,0,"bioRxiv-linked"
3.39219712525667,0.999672812488745,12587,0,"bioRxiv-linked"
3.39493497604381,0.999672812488745,12576,0,"bioRxiv-linked"
3.39767282683094,0.999672812488745,12572,0,"bioRxiv-linked"
3.40041067761807,0.999672812488745,12560,0,"bioRxiv-linked"
3.40588637919233,0.999672812488745,12559,0,"bioRxiv-linked"
3.40862422997947,0.999672812488745,12547,0,"bioRxiv-linked"
3.4113620807666,0.999672812488745,12541,0,"bioRxiv-linked"
3.41409993155373,0.999672812488745,12533,0,"bioRxiv-linked"
3.41683778234086,0.999672812488745,12523,0,"bioRxiv-linked"
3.41957563312799,0.999672812488745,12515,0,"bioRxiv-linked"
3.42505133470226,0.999672812488745,12514,0,"bioRxiv-linked"
3.42778918548939,0.999672812488745,12499,0,"bioRxiv-linked"
3.43052703627652,0.999672812488745,12492,0,"bioRxiv-linked"
3.43326488706365,0.999672812488745,12476,0,"bioRxiv-linked"
3.43600273785079,0.999672812488745,12468,0,"bioRxiv-linked"
3.44147843942505,0.999672812488745,12456,0,"bioRxiv-linked"
3.44421629021218,0.999672812488745,12452,0,"bioRxiv-linked"
3.44695414099932,0.999672812488745,12444,0,"bioRxiv-linked"
3.44969199178645,0.999672812488745,12419,0,"bioRxiv-linked"
3.45242984257358,0.999672812488745,12407,0,"bioRxiv-linked"
3.45516769336071,0.999672812488745,12394,0,"bioRxiv-linked"
3.45790554414784,0.999672812488745,12376,0,"bioRxiv-linked"
3.46064339493498,0.999672812488745,12374,0,"bioRxiv-linked"
3.46338124572211,0.999672812488745,12370,0,"bioRxiv-linked"
3.46611909650924,0.999672812488745,12348,0,"bioRxiv-linked"
3.46885694729637,0.999672812488745,12331,0,"bioRxiv-linked"
3.4715947980835,0.999672812488745,12298,0,"bioRxiv-linked"
3.47433264887064,0.999672812488745,12283,0,"bioRxiv-linked"
3.47707049965777,0.999672812488745,12274,0,"bioRxiv-linked"
3.4798083504449,0.999672812488745,12272,0,"bioRxiv-linked"
3.48254620123203,0.999672812488745,12260,0,"bioRxiv-linked"
3.48528405201917,0.999672812488745,12245,0,"bioRxiv-linked"
3.4880219028063,0.999672812488745,12231,0,"bioRxiv-linked"
3.49075975359343,0.999672812488745,12209,0,"bioRxiv-linked"
3.49349760438056,0.999672812488745,12202,0,"bioRxiv-linked"
3.49623545516769,0.999672812488745,12192,0,"bioRxiv-linked"
3.49897330595483,0.999672812488745,12191,0,"bioRxiv-linked"
3.50171115674196,0.999672812488745,12186,0,"bioRxiv-linked"
3.50444900752909,0.999672812488745,12165,0,"bioRxiv-linked"
3.50718685831622,0.999672812488745,12146,0,"bioRxiv-linked"
3.50992470910335,0.999672812488745,12129,0,"bioRxiv-linked"
3.51266255989049,0.999672812488745,12114,0,"bioRxiv-linked"
3.51540041067762,0.999672812488745,12094,0,"bioRxiv-linked"
3.51813826146475,0.999672812488745,12093,0,"bioRxiv-linked"
3.52087611225188,0.999672812488745,12084,0,"bioRxiv-linked"
3.52361396303901,0.999672812488745,12064,0,"bioRxiv-linked"
3.52635181382615,0.999672812488745,12048,0,"bioRxiv-linked"
3.52908966461328,0.999672812488745,12031,0,"bioRxiv-linked"
3.53182751540041,0.999672812488745,12019,0,"bioRxiv-linked"
3.53730321697467,0.999672812488745,12002,0,"bioRxiv-linked"
3.54004106776181,0.999672812488745,11994,0,"bioRxiv-linked"
3.54277891854894,0.999672812488745,11971,0,"bioRxiv-linked"
3.54551676933607,0.999672812488745,11951,0,"bioRxiv-linked"
3.5482546201232,0.999672812488745,11921,0,"bioRxiv-linked"
3.55099247091034,0.999672812488745,11902,0,"bioRxiv-linked"
3.55373032169747,0.999672812488745,11893,0,"bioRxiv-linked"
3.5564681724846,0.999672812488745,11888,0,"bioRxiv-linked"
3.55920602327173,0.999672812488745,11876,0,"bioRxiv-linked"
3.56194387405886,0.999672812488745,11860,0,"bioRxiv-linked"
3.564681724846,0.999672812488745,11851,0,"bioRxiv-linked"
3.56741957563313,0.999672812488745,11833,0,"bioRxiv-linked"
3.57015742642026,0.999672812488745,11824,0,"bioRxiv-linked"
3.57563312799452,0.999672812488745,11807,0,"bioRxiv-linked"
3.57837097878166,0.999672812488745,11804,0,"bioRxiv-linked"
3.58110882956879,0.999672812488745,11780,0,"bioRxiv-linked"
3.58384668035592,0.999672812488745,11755,0,"bioRxiv-linked"
3.58658453114305,0.999672812488745,11735,0,"bioRxiv-linked"
3.58932238193018,0.999672812488745,11726,0,"bioRxiv-linked"
3.59479808350445,0.999672812488745,11717,0,"bioRxiv-linked"
3.59753593429158,0.999672812488745,11714,0,"bioRxiv-linked"
3.60027378507871,0.999672812488745,11707,0,"bioRxiv-linked"
3.60301163586585,0.999672812488745,11696,0,"bioRxiv-linked"
3.60574948665298,0.999672812488745,11684,0,"bioRxiv-linked"
3.60848733744011,0.999672812488745,11670,0,"bioRxiv-linked"
3.61396303901437,0.999672812488745,11653,0,"bioRxiv-linked"
3.61670088980151,0.999672812488745,11646,0,"bioRxiv-linked"
3.61943874058864,0.999672812488745,11631,0,"bioRxiv-linked"
3.62217659137577,0.999672812488745,11619,0,"bioRxiv-linked"
3.6249144421629,0.999672812488745,11595,0,"bioRxiv-linked"
3.62765229295003,0.999672812488745,11587,0,"bioRxiv-linked"
3.63039014373717,0.999672812488745,11584,0,"bioRxiv-linked"
3.6331279945243,0.999672812488745,11565,0,"bioRxiv-linked"
3.63586584531143,0.999672812488745,11562,0,"bioRxiv-linked"
3.63860369609856,0.999672812488745,11550,0,"bioRxiv-linked"
3.64134154688569,0.999672812488745,11535,0,"bioRxiv-linked"
3.64407939767283,0.999672812488745,11524,0,"bioRxiv-linked"
3.64681724845996,0.999672812488745,11514,0,"bioRxiv-linked"
3.64955509924709,0.999672812488745,11508,0,"bioRxiv-linked"
3.65229295003422,0.999672812488745,11507,0,"bioRxiv-linked"
3.65503080082136,0.999672812488745,11502,0,"bioRxiv-linked"
3.65776865160849,0.999672812488745,11491,0,"bioRxiv-linked"
3.66050650239562,0.999672812488745,11476,0,"bioRxiv-linked"
3.66324435318275,0.999672812488745,11460,0,"bioRxiv-linked"
3.66598220396988,0.999672812488745,11448,0,"bioRxiv-linked"
3.66872005475702,0.999672812488745,11427,0,"bioRxiv-linked"
3.67145790554415,0.999672812488745,11425,0,"bioRxiv-linked"
3.67419575633128,0.999672812488745,11420,0,"bioRxiv-linked"
3.67693360711841,0.999672812488745,11410,0,"bioRxiv-linked"
3.67967145790554,0.999672812488745,11388,0,"bioRxiv-linked"
3.68240930869268,0.999672812488745,11367,0,"bioRxiv-linked"
3.68514715947981,0.999672812488745,11352,0,"bioRxiv-linked"
3.68788501026694,0.999672812488745,11341,0,"bioRxiv-linked"
3.69062286105407,0.999672812488745,11340,0,"bioRxiv-linked"
3.6933607118412,0.999672812488745,11333,0,"bioRxiv-linked"
3.69609856262834,0.999672812488745,11328,0,"bioRxiv-linked"
3.69883641341547,0.999672812488745,11324,0,"bioRxiv-linked"
3.7015742642026,0.999672812488745,11315,0,"bioRxiv-linked"
3.70431211498973,0.999672812488745,11309,0,"bioRxiv-linked"
3.709787816564,0.999672812488745,11295,0,"bioRxiv-linked"
3.71252566735113,0.999672812488745,11292,0,"bioRxiv-linked"
3.71526351813826,0.999672812488745,11274,0,"bioRxiv-linked"
3.71800136892539,0.999672812488745,11227,0,"bioRxiv-linked"
3.72073921971253,0.999672812488745,11202,0,"bioRxiv-linked"
3.72347707049966,0.999672812488745,11187,0,"bioRxiv-linked"
3.72621492128679,0.999672812488745,11174,0,"bioRxiv-linked"
3.72895277207392,0.999672812488745,11167,0,"bioRxiv-linked"
3.73169062286105,0.999672812488745,11162,0,"bioRxiv-linked"
3.73442847364819,0.999672812488745,11147,0,"bioRxiv-linked"
3.73716632443532,0.999672812488745,11136,0,"bioRxiv-linked"
3.73990417522245,0.999672812488745,11108,0,"bioRxiv-linked"
3.74264202600958,0.999672812488745,11092,0,"bioRxiv-linked"
3.74537987679671,0.999672812488745,11077,0,"bioRxiv-linked"
3.74811772758385,0.999672812488745,11076,0,"bioRxiv-linked"
3.75085557837098,0.999672812488745,11062,0,"bioRxiv-linked"
3.75359342915811,0.999672812488745,11042,0,"bioRxiv-linked"
3.75633127994524,0.999672812488745,11019,0,"bioRxiv-linked"
3.75906913073237,0.999672812488745,10994,0,"bioRxiv-linked"
3.76180698151951,0.999672812488745,10976,0,"bioRxiv-linked"
3.76454483230664,0.999672812488745,10953,0,"bioRxiv-linked"
3.76728268309377,0.999672812488745,10951,0,"bioRxiv-linked"
3.7700205338809,0.999672812488745,10945,0,"bioRxiv-linked"
3.77275838466804,0.999672812488745,10928,0,"bioRxiv-linked"
3.77549623545517,0.999672812488745,10913,0,"bioRxiv-linked"
3.7782340862423,0.999672812488745,10889,0,"bioRxiv-linked"
3.78097193702943,0.999672812488745,10875,0,"bioRxiv-linked"
3.78370978781656,0.999672812488745,10860,0,"bioRxiv-linked"
3.7864476386037,0.999672812488745,10857,0,"bioRxiv-linked"
3.78918548939083,0.999672812488745,10851,0,"bioRxiv-linked"
3.79192334017796,0.999672812488745,10831,0,"bioRxiv-linked"
3.79466119096509,0.999672812488745,10819,0,"bioRxiv-linked"
3.79739904175222,0.999672812488745,10793,0,"bioRxiv-linked"
3.80013689253936,0.999672812488745,10745,0,"bioRxiv-linked"
3.80287474332649,0.999672812488745,10732,0,"bioRxiv-linked"
3.80561259411362,0.999672812488745,10728,0,"bioRxiv-linked"
3.80835044490075,0.999672812488745,10721,0,"bioRxiv-linked"
3.81108829568789,0.999672812488745,10707,0,"bioRxiv-linked"
3.81382614647502,0.999672812488745,10685,0,"bioRxiv-linked"
3.81656399726215,0.999672812488745,10659,0,"bioRxiv-linked"
3.81930184804928,0.999672812488745,10645,0,"bioRxiv-linked"
3.82203969883641,0.999672812488745,10628,0,"bioRxiv-linked"
3.82477754962355,0.999672812488745,10626,0,"bioRxiv-linked"
3.82751540041068,0.999672812488745,10618,0,"bioRxiv-linked"
3.83025325119781,0.999672812488745,10593,0,"bioRxiv-linked"
3.83299110198494,0.999672812488745,10579,0,"bioRxiv-linked"
3.83572895277207,0.999672812488745,10558,0,"bioRxiv-linked"
3.83846680355921,0.999672812488745,10544,0,"bioRxiv-linked"
3.84120465434634,0.999672812488745,10518,0,"bioRxiv-linked"
3.84394250513347,0.999672812488745,10517,0,"bioRxiv-linked"
3.8466803559206,0.999672812488745,10511,0,"bioRxiv-linked"
3.84941820670773,0.999672812488745,10497,0,"bioRxiv-linked"
3.85215605749487,0.999672812488745,10469,0,"bioRxiv-linked"
3.854893908282,0.999672812488745,10450,0,"bioRxiv-linked"
3.85763175906913,0.999672812488745,10443,0,"bioRxiv-linked"
3.86310746064339,0.999672812488745,10436,0,"bioRxiv-linked"
3.86584531143053,0.999672812488745,10432,0,"bioRxiv-linked"
3.86858316221766,0.999672812488745,10424,0,"bioRxiv-linked"
3.87132101300479,0.999672812488745,10414,0,"bioRxiv-linked"
3.87405886379192,0.999672812488745,10395,0,"bioRxiv-linked"
3.87679671457906,0.999672812488745,10389,0,"bioRxiv-linked"
3.87953456536619,0.999672812488745,10380,0,"bioRxiv-linked"
3.88227241615332,0.999672812488745,10379,0,"bioRxiv-linked"
3.88501026694045,0.999672812488745,10352,0,"bioRxiv-linked"
3.88774811772758,0.999672812488745,10335,0,"bioRxiv-linked"
3.89048596851472,0.999672812488745,10314,0,"bioRxiv-linked"
3.89322381930185,0.999672812488745,10288,0,"bioRxiv-linked"
3.89596167008898,0.999672812488745,10266,0,"bioRxiv-linked"
3.89869952087611,0.999672812488745,10248,0,"bioRxiv-linked"
3.90143737166324,0.999672812488745,10246,0,"bioRxiv-linked"
3.90417522245038,0.999672812488745,10241,0,"bioRxiv-linked"
3.90691307323751,0.999672812488745,10226,0,"bioRxiv-linked"
3.90965092402464,0.999672812488745,10212,0,"bioRxiv-linked"
3.91238877481177,0.999672812488745,10191,0,"bioRxiv-linked"
3.91512662559891,0.999672812488745,10183,0,"bioRxiv-linked"
3.91786447638604,0.999672812488745,10165,0,"bioRxiv-linked"
3.92060232717317,0.999672812488745,10163,0,"bioRxiv-linked"
3.9233401779603,0.999672812488745,10158,0,"bioRxiv-linked"
3.92607802874743,0.999672812488745,10140,0,"bioRxiv-linked"
3.92881587953457,0.999672812488745,10123,0,"bioRxiv-linked"
3.9315537303217,0.999672812488745,10100,0,"bioRxiv-linked"
3.93429158110883,0.999672812488745,10086,0,"bioRxiv-linked"
3.93976728268309,0.999672812488745,10070,0,"bioRxiv-linked"
3.94250513347023,0.999672812488745,10065,0,"bioRxiv-linked"
3.94524298425736,0.999672812488745,10046,0,"bioRxiv-linked"
3.94798083504449,0.999672812488745,10030,0,"bioRxiv-linked"
3.95071868583162,0.999672812488745,10008,0,"bioRxiv-linked"
3.95345653661875,0.999672812488745,9991,0,"bioRxiv-linked"
3.95619438740589,0.999672812488745,9975,0,"bioRxiv-linked"
3.95893223819302,0.999672812488745,9973,0,"bioRxiv-linked"
3.96167008898015,0.999672812488745,9966,0,"bioRxiv-linked"
3.96440793976728,0.999672812488745,9950,0,"bioRxiv-linked"
3.96714579055441,0.999672812488745,9899,0,"bioRxiv-linked"
3.96988364134155,0.999672812488745,9882,0,"bioRxiv-linked"
3.97262149212868,0.999672812488745,9868,0,"bioRxiv-linked"
3.97535934291581,0.999672812488745,9854,0,"bioRxiv-linked"
3.97809719370294,0.999672812488745,9851,0,"bioRxiv-linked"
3.98083504449008,0.999672812488745,9847,0,"bioRxiv-linked"
3.98357289527721,0.999672812488745,9829,0,"bioRxiv-linked"
3.98631074606434,0.999672812488745,9795,0,"bioRxiv-linked"
3.98904859685147,0.999672812488745,9783,0,"bioRxiv-linked"
3.9917864476386,0.999672812488745,9774,0,"bioRxiv-linked"
3.99726214921287,0.999672812488745,9767,0,"bioRxiv-linked"
4,0.999672812488745,9763,0,"bioRxiv-linked"
4.00273785078713,0.999672812488745,9742,0,"bioRxiv-linked"
4.00547570157426,0.999672812488745,9725,0,"bioRxiv-linked"
4.0082135523614,0.999672812488745,9714,0,"bioRxiv-linked"
4.01095140314853,0.999672812488745,9706,0,"bioRxiv-linked"
4.01368925393566,0.999672812488745,9694,0,"bioRxiv-linked"
4.01642710472279,0.999672812488745,9693,0,"bioRxiv-linked"
4.01916495550992,0.999672812488745,9688,0,"bioRxiv-linked"
4.02190280629706,0.999672812488745,9672,0,"bioRxiv-linked"
4.02464065708419,0.999672812488745,9654,0,"bioRxiv-linked"
4.02737850787132,0.999672812488745,9640,0,"bioRxiv-linked"
4.03011635865845,0.999672812488745,9626,0,"bioRxiv-linked"
4.03559206023272,0.999672812488745,9607,0,"bioRxiv-linked"
4.03832991101985,0.999672812488745,9604,0,"bioRxiv-linked"
4.04106776180698,0.999672812488745,9598,0,"bioRxiv-linked"
4.04380561259411,0.999672812488745,9582,0,"bioRxiv-linked"
4.04654346338125,0.999672812488745,9568,0,"bioRxiv-linked"
4.04928131416838,0.999672812488745,9559,0,"bioRxiv-linked"
4.05475701574264,0.999672812488745,9499,0,"bioRxiv-linked"
4.05749486652977,0.999672812488745,9489,0,"bioRxiv-linked"
4.06023271731691,0.999672812488745,9471,0,"bioRxiv-linked"
4.06297056810404,0.999672812488745,9454,0,"bioRxiv-linked"
4.06570841889117,0.999672812488745,9435,0,"bioRxiv-linked"
4.0684462696783,0.999672812488745,9426,0,"bioRxiv-linked"
4.07118412046543,0.999672812488745,9408,0,"bioRxiv-linked"
4.07392197125257,0.999672812488745,9406,0,"bioRxiv-linked"
4.0766598220397,0.999672812488745,9397,0,"bioRxiv-linked"
4.07939767282683,0.999672812488745,9379,0,"bioRxiv-linked"
4.08213552361396,0.999672812488745,9363,0,"bioRxiv-linked"
4.08487337440109,0.999672812488745,9344,0,"bioRxiv-linked"
4.08761122518823,0.999672812488745,9323,0,"bioRxiv-linked"
4.09034907597536,0.999672812488745,9306,0,"bioRxiv-linked"
4.09308692676249,0.999672812488745,9305,0,"bioRxiv-linked"
4.09582477754962,0.999672812488745,9298,0,"bioRxiv-linked"
4.09856262833676,0.999672812488745,9280,0,"bioRxiv-linked"
4.10130047912389,0.999672812488745,9265,0,"bioRxiv-linked"
4.10403832991102,0.999672812488745,9239,0,"bioRxiv-linked"
4.10677618069815,0.999672812488745,9228,0,"bioRxiv-linked"
4.10951403148528,0.999672812488745,9215,0,"bioRxiv-linked"
4.11225188227242,0.999672812488745,9214,0,"bioRxiv-linked"
4.11498973305955,0.999672812488745,9208,0,"bioRxiv-linked"
4.11772758384668,0.999672812488745,9186,0,"bioRxiv-linked"
4.12046543463381,0.999672812488745,9170,0,"bioRxiv-linked"
4.12320328542094,0.999672812488745,9151,0,"bioRxiv-linked"
4.12594113620808,0.999672812488745,9146,0,"bioRxiv-linked"
4.12867898699521,0.999672812488745,9140,0,"bioRxiv-linked"
4.13141683778234,0.999672812488745,9139,0,"bioRxiv-linked"
4.13415468856947,0.999672812488745,9136,0,"bioRxiv-linked"
4.13689253935661,0.999672812488745,9097,0,"bioRxiv-linked"
4.13963039014374,0.999672812488745,9086,0,"bioRxiv-linked"
4.14236824093087,0.999672812488745,9061,0,"bioRxiv-linked"
4.145106091718,0.999672812488745,9044,0,"bioRxiv-linked"
4.14784394250513,0.999672812488745,9026,0,"bioRxiv-linked"
4.15058179329227,0.999672812488745,9024,0,"bioRxiv-linked"
4.1533196440794,0.999672812488745,9019,0,"bioRxiv-linked"
4.15605749486653,0.999672812488745,9006,0,"bioRxiv-linked"
4.15879534565366,0.999672812488745,8988,0,"bioRxiv-linked"
4.16153319644079,0.999672812488745,8970,0,"bioRxiv-linked"
4.16427104722793,0.999672812488745,8960,0,"bioRxiv-linked"
4.16974674880219,0.999672812488745,8945,0,"bioRxiv-linked"
4.17248459958932,0.999672812488745,8941,0,"bioRxiv-linked"
4.17522245037645,0.999672812488745,8914,0,"bioRxiv-linked"
4.17796030116359,0.999672812488745,8887,0,"bioRxiv-linked"
4.18069815195072,0.999672812488745,8864,0,"bioRxiv-linked"
4.18343600273785,0.999672812488745,8852,0,"bioRxiv-linked"
4.18891170431212,0.999672812488745,8838,0,"bioRxiv-linked"
4.19164955509925,0.999672812488745,8830,0,"bioRxiv-linked"
4.19438740588638,0.999672812488745,8813,0,"bioRxiv-linked"
4.19712525667351,0.999672812488745,8803,0,"bioRxiv-linked"
4.19986310746064,0.999672812488745,8787,0,"bioRxiv-linked"
4.20260095824778,0.999672812488745,8767,0,"bioRxiv-linked"
4.21081451060917,0.999672812488745,8754,0,"bioRxiv-linked"
4.2135523613963,0.999672812488745,8731,0,"bioRxiv-linked"
4.21629021218344,0.999672812488745,8715,0,"bioRxiv-linked"
4.21902806297057,0.999672812488745,8670,0,"bioRxiv-linked"
4.2217659137577,0.999672812488745,8658,0,"bioRxiv-linked"
4.22724161533196,0.999672812488745,8638,0,"bioRxiv-linked"
4.2299794661191,0.999672812488745,8635,0,"bioRxiv-linked"
4.23271731690623,0.999672812488745,8617,0,"bioRxiv-linked"
4.23545516769336,0.999672812488745,8609,0,"bioRxiv-linked"
4.23819301848049,0.999672812488745,8590,0,"bioRxiv-linked"
4.24093086926762,0.999672812488745,8572,0,"bioRxiv-linked"
4.24640657084189,0.999672812488745,8561,0,"bioRxiv-linked"
4.24914442162902,0.999672812488745,8556,0,"bioRxiv-linked"
4.25188227241615,0.999672812488745,8546,0,"bioRxiv-linked"
4.25462012320329,0.999672812488745,8528,0,"bioRxiv-linked"
4.25735797399042,0.999672812488745,8513,0,"bioRxiv-linked"
4.26009582477755,0.999672812488745,8499,0,"bioRxiv-linked"
4.26557152635181,0.999672812488745,8484,0,"bioRxiv-linked"
4.26830937713895,0.999672812488745,8482,0,"bioRxiv-linked"
4.27104722792608,0.999672812488745,8468,0,"bioRxiv-linked"
4.27378507871321,0.999672812488745,8449,0,"bioRxiv-linked"
4.27652292950034,0.999672812488745,8429,0,"bioRxiv-linked"
4.27926078028747,0.999672812488745,8415,0,"bioRxiv-linked"
4.28199863107461,0.999672812488745,8405,0,"bioRxiv-linked"
4.28473648186174,0.999672812488745,8404,0,"bioRxiv-linked"
4.28747433264887,0.999672812488745,8400,0,"bioRxiv-linked"
4.290212183436,0.999672812488745,8381,0,"bioRxiv-linked"
4.29295003422313,0.999672812488745,8364,0,"bioRxiv-linked"
4.29568788501027,0.999672812488745,8347,0,"bioRxiv-linked"
4.2984257357974,0.999672812488745,8332,0,"bioRxiv-linked"
4.30116358658453,0.999672812488745,8319,0,"bioRxiv-linked"
4.30390143737166,0.999672812488745,8287,0,"bioRxiv-linked"
4.3066392881588,0.999672812488745,8285,0,"bioRxiv-linked"
4.30937713894593,0.999672812488745,8266,0,"bioRxiv-linked"
4.31211498973306,0.999672812488745,8244,0,"bioRxiv-linked"
4.31485284052019,0.999672812488745,8228,0,"bioRxiv-linked"
4.31759069130732,0.999672812488745,8222,0,"bioRxiv-linked"
4.32032854209446,0.999672812488745,8211,0,"bioRxiv-linked"
4.32306639288159,0.999672812488745,8210,0,"bioRxiv-linked"
4.32580424366872,0.999672812488745,8206,0,"bioRxiv-linked"
4.32854209445585,0.999672812488745,8191,0,"bioRxiv-linked"
4.33127994524298,0.999672812488745,8176,0,"bioRxiv-linked"
4.33401779603012,0.999672812488745,8156,0,"bioRxiv-linked"
4.33675564681725,0.999672812488745,8126,0,"bioRxiv-linked"
4.33949349760438,0.999672812488745,8115,0,"bioRxiv-linked"
4.34223134839151,0.999672812488745,8113,0,"bioRxiv-linked"
4.34496919917864,0.999672812488745,8111,0,"bioRxiv-linked"
4.34770704996578,0.999672812488745,8104,0,"bioRxiv-linked"
4.35044490075291,0.999672812488745,8085,0,"bioRxiv-linked"
4.35318275154004,0.999672812488745,8063,0,"bioRxiv-linked"
4.35592060232717,0.999672812488745,8047,0,"bioRxiv-linked"
4.35865845311431,0.999672812488745,8029,0,"bioRxiv-linked"
4.36139630390144,0.999672812488745,8027,0,"bioRxiv-linked"
4.36413415468857,0.999672812488745,8025,0,"bioRxiv-linked"
4.3668720054757,0.999672812488745,8007,0,"bioRxiv-linked"
4.36960985626283,0.999672812488745,7980,0,"bioRxiv-linked"
4.37234770704997,0.999672812488745,7951,0,"bioRxiv-linked"
4.3750855578371,0.999672812488745,7936,0,"bioRxiv-linked"
4.38056125941136,0.999672812488745,7924,0,"bioRxiv-linked"
4.38329911019849,0.999672812488745,7920,0,"bioRxiv-linked"
4.38603696098563,0.999672812488745,7861,0,"bioRxiv-linked"
4.38877481177276,0.999672812488745,7836,0,"bioRxiv-linked"
4.39151266255989,0.999672812488745,7814,0,"bioRxiv-linked"
4.39425051334702,0.999672812488745,7801,0,"bioRxiv-linked"
4.39972621492129,0.999672812488745,7788,0,"bioRxiv-linked"
4.40246406570842,0.999672812488745,7782,0,"bioRxiv-linked"
4.40520191649555,0.999672812488745,7767,0,"bioRxiv-linked"
4.40793976728268,0.999672812488745,7742,0,"bioRxiv-linked"
4.41067761806982,0.999672812488745,7716,0,"bioRxiv-linked"
4.41341546885695,0.999672812488745,7705,0,"bioRxiv-linked"
4.41615331964408,0.999672812488745,7698,0,"bioRxiv-linked"
4.41889117043121,0.999672812488745,7696,0,"bioRxiv-linked"
4.42162902121834,0.999672812488745,7690,0,"bioRxiv-linked"
4.42436687200548,0.999672812488745,7670,0,"bioRxiv-linked"
4.42710472279261,0.999672812488745,7650,0,"bioRxiv-linked"
4.42984257357974,0.999672812488745,7626,0,"bioRxiv-linked"
4.43258042436687,0.999672812488745,7606,0,"bioRxiv-linked"
4.435318275154,0.999672812488745,7591,0,"bioRxiv-linked"
4.43805612594114,0.999672812488745,7590,0,"bioRxiv-linked"
4.44079397672827,0.999672812488745,7588,0,"bioRxiv-linked"
4.4435318275154,0.999672812488745,7567,0,"bioRxiv-linked"
4.44626967830253,0.999672812488745,7544,0,"bioRxiv-linked"
4.44900752908966,0.999672812488745,7521,0,"bioRxiv-linked"
4.4517453798768,0.999672812488745,7503,0,"bioRxiv-linked"
4.45448323066393,0.999672812488745,7486,0,"bioRxiv-linked"
4.45722108145106,0.999672812488745,7483,0,"bioRxiv-linked"
4.45995893223819,0.999672812488745,7479,0,"bioRxiv-linked"
4.46269678302532,0.999672812488745,7466,0,"bioRxiv-linked"
4.46543463381246,0.999672812488745,7450,0,"bioRxiv-linked"
4.46817248459959,0.999672812488745,7437,0,"bioRxiv-linked"
4.47091033538672,0.999672812488745,7366,0,"bioRxiv-linked"
4.47364818617385,0.999672812488745,7353,0,"bioRxiv-linked"
4.47638603696099,0.999672812488745,7352,0,"bioRxiv-linked"
4.47912388774812,0.999672812488745,7348,0,"bioRxiv-linked"
4.48186173853525,0.999672812488745,7334,0,"bioRxiv-linked"
4.48459958932238,0.999672812488745,7312,0,"bioRxiv-linked"
4.48733744010951,0.999672812488745,7290,0,"bioRxiv-linked"
4.49007529089665,0.999672812488745,7268,0,"bioRxiv-linked"
4.49281314168378,0.999672812488745,7257,0,"bioRxiv-linked"
4.49555099247091,0.999672812488745,7255,0,"bioRxiv-linked"
4.49828884325804,0.999672812488745,7249,0,"bioRxiv-linked"
4.50102669404517,0.999672812488745,7237,0,"bioRxiv-linked"
4.50376454483231,0.999672812488745,7213,0,"bioRxiv-linked"
4.50650239561944,0.999672812488745,7190,0,"bioRxiv-linked"
4.50924024640657,0.999672812488745,7181,0,"bioRxiv-linked"
4.51471594798083,0.999672812488745,7162,0,"bioRxiv-linked"
4.51745379876797,0.999672812488745,7161,0,"bioRxiv-linked"
4.5201916495551,0.999672812488745,7142,0,"bioRxiv-linked"
4.52292950034223,0.999672812488745,7120,0,"bioRxiv-linked"
4.52566735112936,0.999672812488745,7096,0,"bioRxiv-linked"
4.5284052019165,0.999672812488745,7078,0,"bioRxiv-linked"
4.53114305270363,0.999672812488745,7066,0,"bioRxiv-linked"
4.53388090349076,0.999672812488745,7063,0,"bioRxiv-linked"
4.53661875427789,0.999672812488745,7060,0,"bioRxiv-linked"
4.53935660506502,0.999672812488745,7047,0,"bioRxiv-linked"
4.54209445585216,0.999672812488745,7027,0,"bioRxiv-linked"
4.54483230663929,0.999672812488745,6998,0,"bioRxiv-linked"
4.54757015742642,0.999672812488745,6938,0,"bioRxiv-linked"
4.55030800821355,0.999672812488745,6921,0,"bioRxiv-linked"
4.55304585900068,0.999672812488745,6920,0,"bioRxiv-linked"
4.55578370978782,0.999672812488745,6916,0,"bioRxiv-linked"
4.55852156057495,0.999672812488745,6902,0,"bioRxiv-linked"
4.56125941136208,0.999672812488745,6885,0,"bioRxiv-linked"
4.56399726214921,0.999672812488745,6864,0,"bioRxiv-linked"
4.56673511293635,0.999672812488745,6841,0,"bioRxiv-linked"
4.56947296372348,0.999672812488745,6821,0,"bioRxiv-linked"
4.57221081451061,0.999672812488745,6820,0,"bioRxiv-linked"
4.57494866529774,0.999672812488745,6817,0,"bioRxiv-linked"
4.57768651608487,0.999672812488745,6793,0,"bioRxiv-linked"
4.58042436687201,0.999672812488745,6777,0,"bioRxiv-linked"
4.58316221765914,0.999672812488745,6751,0,"bioRxiv-linked"
4.58590006844627,0.999672812488745,6730,0,"bioRxiv-linked"
4.59137577002053,0.999672812488745,6715,0,"bioRxiv-linked"
4.59411362080767,0.999672812488745,6713,0,"bioRxiv-linked"
4.5968514715948,0.999672812488745,6697,0,"bioRxiv-linked"
4.59958932238193,0.999672812488745,6683,0,"bioRxiv-linked"
4.60232717316906,0.999672812488745,6658,0,"bioRxiv-linked"
4.60506502395619,0.999672812488745,6640,0,"bioRxiv-linked"
4.60780287474333,0.999672812488745,6602,0,"bioRxiv-linked"
4.61327857631759,0.999672812488745,6601,0,"bioRxiv-linked"
4.61601642710472,0.999672812488745,6572,0,"bioRxiv-linked"
4.61875427789186,0.999672812488745,6563,0,"bioRxiv-linked"
4.62149212867899,0.999672812488745,6546,0,"bioRxiv-linked"
4.62422997946612,0.999672812488745,6540,0,"bioRxiv-linked"
4.62970568104038,0.999672812488745,6531,0,"bioRxiv-linked"
4.63244353182752,0.999672812488745,6479,0,"bioRxiv-linked"
4.63518138261465,0.999672812488745,6470,0,"bioRxiv-linked"
4.63791923340178,0.999672812488745,6467,0,"bioRxiv-linked"
4.64065708418891,0.999672812488745,6462,0,"bioRxiv-linked"
4.64339493497604,0.999672812488745,6454,0,"bioRxiv-linked"
4.64887063655031,0.999672812488745,6446,0,"bioRxiv-linked"
4.65160848733744,0.999672812488745,6444,0,"bioRxiv-linked"
4.65434633812457,0.999672812488745,6437,0,"bioRxiv-linked"
4.6570841889117,0.999672812488745,6423,0,"bioRxiv-linked"
4.65982203969884,0.999672812488745,6406,0,"bioRxiv-linked"
4.66255989048597,0.999672812488745,6392,0,"bioRxiv-linked"
4.6652977412731,0.999672812488745,6375,0,"bioRxiv-linked"
4.66803559206023,0.999672812488745,6374,0,"bioRxiv-linked"
4.67077344284736,0.999672812488745,6368,0,"bioRxiv-linked"
4.6735112936345,0.999672812488745,6343,0,"bioRxiv-linked"
4.67624914442163,0.999672812488745,6315,0,"bioRxiv-linked"
4.67898699520876,0.999672812488745,6304,0,"bioRxiv-linked"
4.68172484599589,0.999672812488745,6292,0,"bioRxiv-linked"
4.68720054757016,0.999672812488745,6271,0,"bioRxiv-linked"
4.68993839835729,0.999672812488745,6267,0,"bioRxiv-linked"
4.69267624914442,0.999672812488745,6242,0,"bioRxiv-linked"
4.69541409993155,0.999672812488745,6225,0,"bioRxiv-linked"
4.69815195071869,0.999672812488745,6195,0,"bioRxiv-linked"
4.70088980150582,0.999672812488745,6178,0,"bioRxiv-linked"
4.70636550308008,0.999672812488745,6162,0,"bioRxiv-linked"
4.70910335386721,0.999672812488745,6158,0,"bioRxiv-linked"
4.71184120465435,0.999672812488745,6146,0,"bioRxiv-linked"
4.71457905544148,0.999672812488745,6114,0,"bioRxiv-linked"
4.71731690622861,0.999672812488745,6042,0,"bioRxiv-linked"
4.72005475701574,0.999672812488745,6024,0,"bioRxiv-linked"
4.72279260780287,0.999672812488745,6007,0,"bioRxiv-linked"
4.72553045859001,0.999672812488745,6006,0,"bioRxiv-linked"
4.72826830937714,0.999672812488745,6004,0,"bioRxiv-linked"
4.73100616016427,0.999672812488745,5990,0,"bioRxiv-linked"
4.7337440109514,0.999672812488745,5973,0,"bioRxiv-linked"
4.73648186173854,0.999672812488745,5952,0,"bioRxiv-linked"
4.73921971252567,0.999672812488745,5930,0,"bioRxiv-linked"
4.74469541409993,0.999672812488745,5913,0,"bioRxiv-linked"
4.74743326488706,0.999672812488745,5910,0,"bioRxiv-linked"
4.7501711156742,0.999672812488745,5887,0,"bioRxiv-linked"
4.75290896646133,0.999672812488745,5855,0,"bioRxiv-linked"
4.75564681724846,0.999672812488745,5822,0,"bioRxiv-linked"
4.75838466803559,0.999672812488745,5796,0,"bioRxiv-linked"
4.76112251882272,0.999672812488745,5781,0,"bioRxiv-linked"
4.76659822039699,0.999672812488745,5779,0,"bioRxiv-linked"
4.76933607118412,0.999672812488745,5752,0,"bioRxiv-linked"
4.77207392197125,0.999672812488745,5729,0,"bioRxiv-linked"
4.77481177275838,0.999672812488745,5709,0,"bioRxiv-linked"
4.77754962354552,0.999672812488745,5693,0,"bioRxiv-linked"
4.78302532511978,0.999672812488745,5675,0,"bioRxiv-linked"
4.78576317590691,0.999672812488745,5673,0,"bioRxiv-linked"
4.78850102669405,0.999672812488745,5660,0,"bioRxiv-linked"
4.79123887748118,0.999672812488745,5635,0,"bioRxiv-linked"
4.79397672826831,0.999672812488745,5621,0,"bioRxiv-linked"
4.79671457905544,0.999672812488745,5596,0,"bioRxiv-linked"
4.80219028062971,0.999672812488745,5523,0,"bioRxiv-linked"
4.80492813141684,0.999672812488745,5515,0,"bioRxiv-linked"
4.80766598220397,0.999672812488745,5497,0,"bioRxiv-linked"
4.8104038329911,0.999672812488745,5479,0,"bioRxiv-linked"
4.81314168377823,0.999672812488745,5464,0,"bioRxiv-linked"
4.81587953456537,0.999672812488745,5447,0,"bioRxiv-linked"
4.8186173853525,0.999672812488745,5432,0,"bioRxiv-linked"
4.82409308692676,0.999672812488745,5430,0,"bioRxiv-linked"
4.82683093771389,0.999672812488745,5415,0,"bioRxiv-linked"
4.82956878850103,0.999672812488745,5394,0,"bioRxiv-linked"
4.83230663928816,0.999672812488745,5372,0,"bioRxiv-linked"
4.83504449007529,0.999672812488745,5357,0,"bioRxiv-linked"
4.83778234086242,0.999672812488745,5341,0,"bioRxiv-linked"
4.84052019164956,0.999672812488745,5340,0,"bioRxiv-linked"
4.84325804243669,0.999672812488745,5337,0,"bioRxiv-linked"
4.84599589322382,0.999672812488745,5325,0,"bioRxiv-linked"
4.84873374401095,0.999672812488745,5302,0,"bioRxiv-linked"
4.85147159479808,0.999672812488745,5284,0,"bioRxiv-linked"
4.85420944558522,0.999672812488745,5271,0,"bioRxiv-linked"
4.85694729637235,0.999672812488745,5251,0,"bioRxiv-linked"
4.85968514715948,0.999672812488745,5247,0,"bioRxiv-linked"
4.86242299794661,0.999672812488745,5246,0,"bioRxiv-linked"
4.86516084873374,0.999672812488745,5232,0,"bioRxiv-linked"
4.86789869952088,0.999672812488745,5214,0,"bioRxiv-linked"
4.87063655030801,0.999672812488745,5178,0,"bioRxiv-linked"
4.87337440109514,0.999672812488745,5159,0,"bioRxiv-linked"
4.87611225188227,0.999672812488745,5144,0,"bioRxiv-linked"
4.8788501026694,0.999672812488745,5143,0,"bioRxiv-linked"
4.88158795345654,0.999672812488745,5136,0,"bioRxiv-linked"
4.88432580424367,0.999672812488745,5072,0,"bioRxiv-linked"
4.8870636550308,0.999672812488745,5055,0,"bioRxiv-linked"
4.88980150581793,0.999672812488745,5034,0,"bioRxiv-linked"
4.89253935660506,0.999672812488745,5011,0,"bioRxiv-linked"
4.8952772073922,0.999672812488745,4982,0,"bioRxiv-linked"
4.89801505817933,0.999672812488745,4981,0,"bioRxiv-linked"
4.90075290896646,0.999672812488745,4977,0,"bioRxiv-linked"
4.90349075975359,0.999672812488745,4963,0,"bioRxiv-linked"
4.90622861054073,0.999672812488745,4946,0,"bioRxiv-linked"
4.90896646132786,0.999672812488745,4924,0,"bioRxiv-linked"
4.91170431211499,0.999672812488745,4907,0,"bioRxiv-linked"
4.91718001368925,0.999672812488745,4891,0,"bioRxiv-linked"
4.91991786447639,0.999672812488745,4887,0,"bioRxiv-linked"
4.92265571526352,0.999672812488745,4864,0,"bioRxiv-linked"
4.92539356605065,0.999672812488745,4845,0,"bioRxiv-linked"
4.92813141683778,0.999672812488745,4825,0,"bioRxiv-linked"
4.93086926762491,0.999672812488745,4804,0,"bioRxiv-linked"
4.93360711841205,0.999672812488745,4788,0,"bioRxiv-linked"
4.93634496919918,0.999672812488745,4787,0,"bioRxiv-linked"
4.93908281998631,0.999672812488745,4786,0,"bioRxiv-linked"
4.94182067077344,0.999672812488745,4759,0,"bioRxiv-linked"
4.94455852156057,0.999672812488745,4734,0,"bioRxiv-linked"
4.94729637234771,0.999672812488745,4707,0,"bioRxiv-linked"
4.95003422313484,0.999672812488745,4686,0,"bioRxiv-linked"
4.95277207392197,0.999672812488745,4670,0,"bioRxiv-linked"
4.9555099247091,0.999672812488745,4669,0,"bioRxiv-linked"
4.95824777549624,0.999672812488745,4665,0,"bioRxiv-linked"
4.96098562628337,0.999672812488745,4648,0,"bioRxiv-linked"
4.9637234770705,0.999672812488745,4625,0,"bioRxiv-linked"
4.96646132785763,0.999672812488745,4549,0,"bioRxiv-linked"
4.96919917864476,0.999672812488745,4534,0,"bioRxiv-linked"
4.9719370294319,0.999672812488745,4522,0,"bioRxiv-linked"
4.97467488021903,0.999672812488745,4519,0,"bioRxiv-linked"
4.97741273100616,0.999672812488745,4511,0,"bioRxiv-linked"
4.98015058179329,0.999672812488745,4496,0,"bioRxiv-linked"
4.98288843258042,0.999672812488745,4477,0,"bioRxiv-linked"
4.98562628336756,0.999672812488745,4458,0,"bioRxiv-linked"
4.98836413415469,0.999672812488745,4431,0,"bioRxiv-linked"
4.99110198494182,0.999672812488745,4410,0,"bioRxiv-linked"
4.99383983572895,0.999672812488745,4409,0,"bioRxiv-linked"
4.99657768651609,0.999672812488745,4407,0,"bioRxiv-linked"
4.99931553730322,0.999672812488745,4383,0,"bioRxiv-linked"
5.00205338809035,0.999672812488745,4364,0,"bioRxiv-linked"
5.00479123887748,0.999672812488745,4339,0,"bioRxiv-linked"
5.00752908966461,0.999672812488745,4313,0,"bioRxiv-linked"
5.01300479123888,0.999672812488745,4292,0,"bioRxiv-linked"
5.01574264202601,0.999672812488745,4288,0,"bioRxiv-linked"
5.01848049281314,0.999672812488745,4274,0,"bioRxiv-linked"
5.02121834360027,0.999672812488745,4253,0,"bioRxiv-linked"
5.02395619438741,0.999672812488745,4220,0,"bioRxiv-linked"
5.02669404517454,0.999672812488745,4194,0,"bioRxiv-linked"
5.02943189596167,0.999672812488745,4174,0,"bioRxiv-linked"
5.03490759753593,0.999672812488745,4171,0,"bioRxiv-linked"
5.03764544832307,0.999672812488745,4153,0,"bioRxiv-linked"
5.0403832991102,0.999672812488745,4128,0,"bioRxiv-linked"
5.04312114989733,0.999672812488745,4105,0,"bioRxiv-linked"
5.04585900068446,0.999672812488745,4080,0,"bioRxiv-linked"
5.04859685147159,0.999672812488745,4071,0,"bioRxiv-linked"
5.05133470225873,0.999672812488745,4019,0,"bioRxiv-linked"
5.05407255304586,0.999672812488745,4015,0,"bioRxiv-linked"
5.05681040383299,0.999672812488745,3997,0,"bioRxiv-linked"
5.05954825462012,0.999672812488745,3973,0,"bioRxiv-linked"
5.06228610540726,0.999672812488745,3946,0,"bioRxiv-linked"
5.06502395619439,0.999672812488745,3926,0,"bioRxiv-linked"
5.07049965776865,0.999672812488745,3912,0,"bioRxiv-linked"
5.07323750855578,0.999672812488745,3909,0,"bioRxiv-linked"
5.07597535934292,0.999672812488745,3882,0,"bioRxiv-linked"
5.07871321013005,0.999672812488745,3845,0,"bioRxiv-linked"
5.08145106091718,0.999672812488745,3811,0,"bioRxiv-linked"
5.08418891170431,0.999672812488745,3785,0,"bioRxiv-linked"
5.08966461327858,0.999672812488745,3770,0,"bioRxiv-linked"
5.09240246406571,0.999672812488745,3764,0,"bioRxiv-linked"
5.09514031485284,0.999672812488745,3744,0,"bioRxiv-linked"
5.09787816563997,0.999672812488745,3723,0,"bioRxiv-linked"
5.1006160164271,0.999672812488745,3702,0,"bioRxiv-linked"
5.10335386721424,0.999672812488745,3680,0,"bioRxiv-linked"
5.10609171800137,0.999672812488745,3660,0,"bioRxiv-linked"
5.1088295687885,0.999672812488745,3659,0,"bioRxiv-linked"
5.11156741957563,0.999672812488745,3655,0,"bioRxiv-linked"
5.11430527036276,0.999672812488745,3629,0,"bioRxiv-linked"
5.1170431211499,0.999672812488745,3611,0,"bioRxiv-linked"
5.11978097193703,0.999672812488745,3588,0,"bioRxiv-linked"
5.12251882272416,0.999672812488745,3572,0,"bioRxiv-linked"
5.12525667351129,0.999672812488745,3557,0,"bioRxiv-linked"
5.12799452429843,0.999672812488745,3555,0,"bioRxiv-linked"
5.13073237508556,0.999672812488745,3553,0,"bioRxiv-linked"
5.13347022587269,0.999672812488745,3540,0,"bioRxiv-linked"
5.13620807665982,0.999672812488745,3468,0,"bioRxiv-linked"
5.13894592744695,0.999672812488745,3450,0,"bioRxiv-linked"
5.14168377823409,0.999672812488745,3426,0,"bioRxiv-linked"
5.14715947980835,0.999672812488745,3410,0,"bioRxiv-linked"
5.14989733059548,0.999672812488745,3408,0,"bioRxiv-linked"
5.15263518138261,0.999672812488745,3382,0,"bioRxiv-linked"
5.15537303216975,0.999672812488745,3360,0,"bioRxiv-linked"
5.15811088295688,0.999672812488745,3321,0,"bioRxiv-linked"
5.16084873374401,0.999672812488745,3300,0,"bioRxiv-linked"
5.16632443531828,0.999672812488745,3280,0,"bioRxiv-linked"
5.16906228610541,0.999672812488745,3276,0,"bioRxiv-linked"
5.17180013689254,0.999672812488745,3241,0,"bioRxiv-linked"
5.17453798767967,0.999672812488745,3215,0,"bioRxiv-linked"
5.1772758384668,0.999672812488745,3192,0,"bioRxiv-linked"
5.18001368925394,0.999672812488745,3172,0,"bioRxiv-linked"
5.18275154004107,0.999672812488745,3156,0,"bioRxiv-linked"
5.1854893908282,0.999672812488745,3153,0,"bioRxiv-linked"
5.18822724161533,0.999672812488745,3147,0,"bioRxiv-linked"
5.19096509240246,0.999672812488745,3117,0,"bioRxiv-linked"
5.1937029431896,0.999672812488745,3092,0,"bioRxiv-linked"
5.19644079397673,0.999672812488745,3064,0,"bioRxiv-linked"
5.19917864476386,0.999672812488745,3029,0,"bioRxiv-linked"
5.20191649555099,0.999672812488745,3008,0,"bioRxiv-linked"
5.20465434633812,0.999672812488745,3007,0,"bioRxiv-linked"
5.20739219712526,0.999672812488745,3005,0,"bioRxiv-linked"
5.21013004791239,0.999672812488745,2982,0,"bioRxiv-linked"
5.21286789869952,0.999672812488745,2963,0,"bioRxiv-linked"
5.21560574948665,0.999672812488745,2937,0,"bioRxiv-linked"
5.21834360027379,0.999672812488745,2871,0,"bioRxiv-linked"
5.22381930184805,0.999672812488745,2856,0,"bioRxiv-linked"
5.22655715263518,0.999672812488745,2853,0,"bioRxiv-linked"
5.22929500342231,0.999672812488745,2835,0,"bioRxiv-linked"
5.23203285420945,0.999672812488745,2814,0,"bioRxiv-linked"
5.23477070499658,0.999672812488745,2778,0,"bioRxiv-linked"
5.23750855578371,0.999672812488745,2742,0,"bioRxiv-linked"
5.24024640657084,0.999672812488745,2712,0,"bioRxiv-linked"
5.24298425735797,0.999672812488745,2711,0,"bioRxiv-linked"
5.24572210814511,0.999672812488745,2705,0,"bioRxiv-linked"
5.24845995893224,0.999672812488745,2684,0,"bioRxiv-linked"
5.25119780971937,0.999672812488745,2649,0,"bioRxiv-linked"
5.2539356605065,0.999672812488745,2630,0,"bioRxiv-linked"
5.25667351129363,0.999672812488745,2613,0,"bioRxiv-linked"
5.26488706365503,0.999672812488745,2588,0,"bioRxiv-linked"
5.26762491444216,0.999672812488745,2568,0,"bioRxiv-linked"
5.27036276522929,0.999672812488745,2541,0,"bioRxiv-linked"
5.27310061601643,0.999672812488745,2522,0,"bioRxiv-linked"
5.27583846680356,0.999672812488745,2479,0,"bioRxiv-linked"
5.27857631759069,0.999672812488745,2452,0,"bioRxiv-linked"
5.28131416837782,0.999672812488745,2451,0,"bioRxiv-linked"
5.28405201916496,0.999672812488745,2450,0,"bioRxiv-linked"
5.28678986995209,0.999672812488745,2431,0,"bioRxiv-linked"
5.28952772073922,0.999672812488745,2418,0,"bioRxiv-linked"
5.29226557152635,0.999672812488745,2387,0,"bioRxiv-linked"
5.29500342231348,0.999672812488745,2367,0,"bioRxiv-linked"
5.29774127310062,0.999672812488745,2354,0,"bioRxiv-linked"
5.30047912388775,0.999672812488745,2350,0,"bioRxiv-linked"
5.30321697467488,0.999672812488745,2286,0,"bioRxiv-linked"
5.30595482546201,0.999672812488745,2272,0,"bioRxiv-linked"
5.30869267624914,0.999672812488745,2251,0,"bioRxiv-linked"
5.31143052703628,0.999672812488745,2223,0,"bioRxiv-linked"
5.31416837782341,0.999672812488745,2192,0,"bioRxiv-linked"
5.31690622861054,0.999672812488745,2172,0,"bioRxiv-linked"
5.31964407939767,0.999672812488745,2171,0,"bioRxiv-linked"
5.3223819301848,0.999672812488745,2169,0,"bioRxiv-linked"
5.32511978097194,0.999672812488745,2145,0,"bioRxiv-linked"
5.32785763175907,0.999672812488745,2114,0,"bioRxiv-linked"
5.3305954825462,0.999672812488745,2103,0,"bioRxiv-linked"
5.33333333333333,0.999672812488745,2087,0,"bioRxiv-linked"
5.3388090349076,0.999672812488745,2080,0,"bioRxiv-linked"
5.34154688569473,0.999672812488745,2077,0,"bioRxiv-linked"
5.34428473648186,0.999672812488745,2060,0,"bioRxiv-linked"
5.34702258726899,0.999672812488745,2031,0,"bioRxiv-linked"
5.34976043805613,0.999672812488745,2009,0,"bioRxiv-linked"
5.35249828884326,0.999672812488745,1977,0,"bioRxiv-linked"
5.36071184120465,0.999672812488745,1948,0,"bioRxiv-linked"
5.36344969199179,0.999672812488745,1932,0,"bioRxiv-linked"
5.36618754277892,0.999672812488745,1909,0,"bioRxiv-linked"
5.36892539356605,0.999672812488745,1896,0,"bioRxiv-linked"
5.37166324435318,0.999672812488745,1881,0,"bioRxiv-linked"
5.37713894592745,0.999672812488745,1869,0,"bioRxiv-linked"
5.37987679671458,0.999672812488745,1866,0,"bioRxiv-linked"
5.38261464750171,0.999672812488745,1855,0,"bioRxiv-linked"
5.38535249828884,0.999672812488745,1795,0,"bioRxiv-linked"
5.38809034907598,0.999672812488745,1764,0,"bioRxiv-linked"
5.39082819986311,0.999672812488745,1740,0,"bioRxiv-linked"
5.39356605065024,0.999672812488745,1719,0,"bioRxiv-linked"
5.39630390143737,0.999672812488745,1718,0,"bioRxiv-linked"
5.3990417522245,0.999672812488745,1717,0,"bioRxiv-linked"
5.40177960301164,0.999672812488745,1690,0,"bioRxiv-linked"
5.40451745379877,0.999672812488745,1664,0,"bioRxiv-linked"
5.4072553045859,0.999672812488745,1646,0,"bioRxiv-linked"
5.40999315537303,0.999672812488745,1626,0,"bioRxiv-linked"
5.41273100616016,0.999672812488745,1605,0,"bioRxiv-linked"
5.4154688569473,0.999672812488745,1602,0,"bioRxiv-linked"
5.41820670773443,0.999672812488745,1600,0,"bioRxiv-linked"
5.42094455852156,0.999672812488745,1559,0,"bioRxiv-linked"
5.42368240930869,0.999672812488745,1533,0,"bioRxiv-linked"
5.42642026009583,0.999672812488745,1506,0,"bioRxiv-linked"
5.42915811088296,0.999672812488745,1485,0,"bioRxiv-linked"
5.43463381245722,0.999672812488745,1462,0,"bioRxiv-linked"
5.43737166324435,0.999672812488745,1461,0,"bioRxiv-linked"
5.44010951403149,0.999672812488745,1424,0,"bioRxiv-linked"
5.44284736481862,0.999672812488745,1399,0,"bioRxiv-linked"
5.44558521560575,0.999672812488745,1379,0,"bioRxiv-linked"
5.44832306639288,0.999672812488745,1352,0,"bioRxiv-linked"
5.45379876796715,0.999672812488745,1335,0,"bioRxiv-linked"
5.45653661875428,0.999672812488745,1334,0,"bioRxiv-linked"
5.45927446954141,0.999672812488745,1305,0,"bioRxiv-linked"
5.46201232032854,0.999672812488745,1270,0,"bioRxiv-linked"
5.46475017111567,0.999672812488745,1244,0,"bioRxiv-linked"
5.46748802190281,0.999672812488745,1230,0,"bioRxiv-linked"
5.47022587268994,0.999672812488745,1180,0,"bioRxiv-linked"
5.47296372347707,0.999672812488745,1179,0,"bioRxiv-linked"
5.4757015742642,0.999672812488745,1178,0,"bioRxiv-linked"
5.47843942505133,0.999672812488745,1143,0,"bioRxiv-linked"
5.48117727583847,0.999672812488745,1121,0,"bioRxiv-linked"
5.4839151266256,0.999672812488745,1092,0,"bioRxiv-linked"
5.48665297741273,0.999672812488745,1069,0,"bioRxiv-linked"
5.48939082819986,0.999672812488745,1049,0,"bioRxiv-linked"
5.492128678987,0.999672812488745,1046,0,"bioRxiv-linked"
5.49486652977413,0.999672812488745,1039,0,"bioRxiv-linked"
5.49760438056126,0.999672812488745,1005,0,"bioRxiv-linked"
5.50034223134839,0.999672812488745,982,0,"bioRxiv-linked"
5.50308008213552,0.999672812488745,956,0,"bioRxiv-linked"
5.50581793292266,0.999672812488745,936,0,"bioRxiv-linked"
5.50855578370979,0.999672812488745,921,0,"bioRxiv-linked"
5.51129363449692,0.999672812488745,920,0,"bioRxiv-linked"
5.51403148528405,0.999672812488745,918,0,"bioRxiv-linked"
5.51676933607118,0.999672812488745,893,0,"bioRxiv-linked"
5.51950718685832,0.999672812488745,862,0,"bioRxiv-linked"
5.52224503764545,0.999672812488745,828,0,"bioRxiv-linked"
5.52498288843258,0.999672812488745,799,0,"bioRxiv-linked"
5.52772073921971,0.999672812488745,770,0,"bioRxiv-linked"
5.53045859000684,0.999672812488745,766,0,"bioRxiv-linked"
5.53319644079398,0.999672812488745,764,0,"bioRxiv-linked"
5.53593429158111,0.999672812488745,732,0,"bioRxiv-linked"
5.53867214236824,0.999672812488745,696,0,"bioRxiv-linked"
5.54140999315537,0.999672812488745,671,0,"bioRxiv-linked"
5.5441478439425,0.999672812488745,641,0,"bioRxiv-linked"
5.54962354551677,0.999672812488745,595,0,"bioRxiv-linked"
5.5523613963039,0.999672812488745,590,0,"bioRxiv-linked"
5.55509924709103,0.999672812488745,565,0,"bioRxiv-linked"
5.55783709787817,0.999672812488745,529,0,"bioRxiv-linked"
5.5605749486653,0.999672812488745,500,0,"bioRxiv-linked"
5.56331279945243,0.999672812488745,485,0,"bioRxiv-linked"
5.56605065023956,0.999672812488745,470,0,"bioRxiv-linked"
5.56878850102669,0.999672812488745,468,0,"bioRxiv-linked"
5.57152635181383,0.999672812488745,466,0,"bioRxiv-linked"
5.57426420260096,0.999672812488745,445,0,"bioRxiv-linked"
5.57700205338809,0.999672812488745,415,0,"bioRxiv-linked"
5.57973990417522,0.999672812488745,388,0,"bioRxiv-linked"
5.58247775496235,0.999672812488745,364,0,"bioRxiv-linked"
5.58521560574949,0.999672812488745,352,0,"bioRxiv-linked"
5.58795345653662,0.999672812488745,350,0,"bioRxiv-linked"
5.59069130732375,0.999672812488745,347,0,"bioRxiv-linked"
5.59342915811088,0.999672812488745,312,0,"bioRxiv-linked"
5.59616700889802,0.999672812488745,285,0,"bioRxiv-linked"
5.59890485968515,0.999672812488745,247,0,"bioRxiv-linked"
5.60164271047228,0.999672812488745,213,0,"bioRxiv-linked"
5.60438056125941,0.999672812488745,171,0,"bioRxiv-linked"
5.60711841204654,0.999672812488745,170,0,"bioRxiv-linked"
5.60985626283368,0.999672812488745,168,0,"bioRxiv-linked"
5.61259411362081,0.999672812488745,137,0,"bioRxiv-linked"
5.61533196440794,0.999672812488745,120,0,"bioRxiv-linked"
5.61806981519507,0.999672812488745,95,0,"bioRxiv-linked"
5.6208076659822,0.999672812488745,83,0,"bioRxiv-linked"
5.62628336755647,0.999672812488745,45,0,"bioRxiv-linked"
5.6290212183436,0.999672812488745,44,0,"bioRxiv-linked"
